T,O,H,L,C,V
1772582640000,86.82000000,86.84000000,86.74000000,86.77000000,12769.30000000
1772582700000,86.77000000,86.85000000,86.73000000,86.85000000,9730.95000000
1772582760000,86.88000000,86.99000000,86.87000000,86.98000000,15131.54000000
1772582820000,86.98000000,86.99000000,86.97000000,86.97000000,132.42000000
1772582880000,87.09000000,87.10000000,86.84000000,86.85000000,9805.78000000
1772582940000,86.85000000,86.86000000,86.85000000,86.85000000,1224.21000000
1772583000000,86.84000000,87.02000000,86.82000000,86.91000000,20512.20000000
1772583060000,86.95000000,86.96000000,86.86000000,86.94000000,11454.48000000
1772583120000,86.95000000,86.97000000,86.94000000,86.95000000,524.04000000
1772583180000,87.01000000,87.04000000,86.88000000,86.90000000,19543.36000000
1772583240000,86.89000000,86.91000000,86.89000000,86.91000000,422.68000000
1772583300000,87.03000000,87.12000000,87.00000000,87.11000000,22929.20000000
1772583360000,87.12000000,87.12000000,87.11000000,87.12000000,107.60000000
1772583420000,87.23000000,87.30000000,87.22000000,87.29000000,7974.94000000
1772583480000,87.19000000,87.19000000,87.15000000,87.16000000,379.14000000
1772583540000,87.07000000,87.26000000,87.06000000,87.24000000,14890.40000000
1772583600000,87.23000000,87.25000000,87.15000000,87.16000000,14193.16000000
1772583660000,87.17000000,87.22000000,87.16000000,87.22000000,2844.43000000
1772583720000,87.27000000,87.34000000,87.25000000,87.33000000,12377.95000000
1772583780000,87.33000000,87.34000000,87.08000000,87.08000000,13208.59000000
1772583840000,87.08000000,87.08000000,86.91000000,86.96000000,17044.79000000
1772583900000,86.93000000,87.06000000,86.92000000,87.00000000,10352.32000000
1772583960000,86.99000000,87.05000000,86.99000000,87.05000000,4262.16000000
1772584020000,87.01000000,87.08000000,86.99000000,87.03000000,6902.95000000
1772584080000,87.04000000,87.04000000,87.02000000,87.04000000,158.82000000
1772584140000,86.95000000,86.95000000,86.95000000,86.95000000,10.75000000
1772584200000,86.94000000,87.00000000,86.85000000,86.86000000,15689.39000000
1772584260000,86.91000000,86.94000000,86.80000000,86.83000000,9066.25000000
1772584320000,86.84000000,86.84000000,86.83000000,86.83000000,90.22000000
1772584380000,86.85000000,86.88000000,86.68000000,86.73000000,17269.54000000
1772584440000,86.71000000,86.73000000,86.43000000,86.43000000,41661.71000000
1772584500000,86.44000000,86.49000000,86.44000000,86.49000000,1495.99000000
1772584560000,86.36000000,86.60000000,86.21000000,86.58000000,77979.83000000
1772584620000,86.60000000,86.65000000,86.54000000,86.54000000,14122.19000000
1772584680000,86.58000000,86.58000000,86.45000000,86.45000000,8849.93000000
1772584740000,86.39000000,86.41000000,86.25000000,86.35000000,18828.38000000
1772584800000,86.37000000,86.47000000,86.37000000,86.39000000,17482.38000000
1772584860000,86.40000000,86.40000000,86.35000000,86.36000000,930.33000000
1772584920000,86.37000000,86.37000000,86.37000000,86.37000000,0.08000000
1772584980000,86.28000000,86.39000000,86.27000000,86.28000000,6817.70000000
1772585040000,86.30000000,86.37000000,86.25000000,86.33000000,12589.60000000
1772585100000,86.33000000,86.34000000,86.33000000,86.34000000,300.00000000
1772585160000,86.46000000,86.56000000,86.44000000,86.48000000,8572.42000000
1772585220000,86.45000000,86.50000000,86.42000000,86.49000000,5670.29000000
1772585280000,86.46000000,86.63000000,86.42000000,86.55000000,17901.98000000
1772585340000,86.59000000,86.91000000,86.59000000,86.89000000,27741.71000000
1772585400000,86.88000000,86.95000000,86.85000000,86.87000000,19672.26000000
1772585460000,86.87000000,86.87000000,86.70000000,86.74000000,16319.91000000
1772585520000,86.73000000,86.74000000,86.66000000,86.68000000,7590.75000000
1772585580000,86.68000000,86.68000000,86.66000000,86.66000000,426.16000000
1772585640000,86.61000000,86.67000000,86.60000000,86.62000000,4633.07000000
1772585700000,86.62000000,86.74000000,86.61000000,86.65000000,10580.85000000
1772585760000,86.65000000,86.71000000,86.56000000,86.57000000,6803.03000000
1772585820000,86.56000000,86.57000000,86.56000000,86.57000000,192.23000000
1772585880000,86.64000000,86.79000000,86.64000000,86.71000000,11526.91000000
1772585940000,86.72000000,86.73000000,86.72000000,86.72000000,331.72000000
1772586000000,86.58000000,86.61000000,86.58000000,86.61000000,318.79000000
1772586060000,86.60000000,86.60000000,86.59000000,86.59000000,56.11000000
1772586120000,86.65000000,87.12000000,86.59000000,87.00000000,59076.70000000
1772586180000,87.00000000,87.29000000,87.00000000,87.24000000,40300.62000000
1772586240000,87.26000000,87.39000000,87.20000000,87.37000000,33133.78000000
1772586300000,87.37000000,87.59000000,87.28000000,87.32000000,88631.43000000
1772586360000,87.31000000,87.45000000,87.20000000,87.45000000,51279.81000000
1772586420000,87.43000000,87.44000000,87.15000000,87.17000000,29594.52000000
1772586480000,87.14000000,87.16000000,86.85000000,86.89000000,37610.57000000
1772586540000,86.90000000,87.12000000,86.87000000,87.03000000,23254.48000000
1772586600000,87.08000000,87.08000000,86.91000000,86.95000000,21201.29000000
1772586660000,86.95000000,87.15000000,86.94000000,87.03000000,12001.26000000
1772586720000,87.02000000,87.02000000,87.02000000,87.02000000,7.30000000
1772586780000,87.04000000,87.04000000,86.94000000,86.96000000,10423.03000000
1772586840000,86.97000000,86.99000000,86.83000000,86.84000000,17639.41000000
1772586900000,86.87000000,86.90000000,86.79000000,86.86000000,11750.06000000
1772586960000,86.87000000,86.95000000,86.84000000,86.93000000,7749.99000000
1772587020000,86.90000000,86.99000000,86.72000000,86.73000000,10944.22000000
1772587080000,86.72000000,86.75000000,86.72000000,86.75000000,455.57000000
1772587140000,86.66000000,86.75000000,86.65000000,86.66000000,7181.88000000
1772587200000,86.69000000,86.71000000,86.56000000,86.62000000,18247.56000000
1772587260000,86.61000000,86.62000000,86.60000000,86.60000000,129.50000000
1772587320000,86.48000000,86.63000000,86.44000000,86.62000000,13254.45000000
1772587380000,86.65000000,86.70000000,86.51000000,86.55000000,10315.51000000
1772587440000,86.54000000,86.56000000,86.54000000,86.55000000,366.61000000
1772587500000,86.65000000,86.65000000,86.64000000,86.65000000,956.32000000
1772587560000,86.65000000,86.67000000,86.57000000,86.61000000,7812.35000000
1772587620000,86.60000000,86.63000000,86.58000000,86.61000000,640.89000000
1772587680000,86.78000000,86.90000000,86.77000000,86.90000000,18833.19000000
1772587740000,86.91000000,87.18000000,86.90000000,86.99000000,41738.25000000
1772587800000,86.98000000,86.98000000,86.97000000,86.97000000,218.21000000
1772587860000,87.07000000,87.09000000,87.06000000,87.08000000,485.09000000
1772587920000,87.07000000,87.07000000,87.04000000,87.06000000,502.17000000
1772587980000,87.27000000,87.50000000,87.26000000,87.46000000,45032.12000000
1772588040000,87.45000000,87.45000000,87.43000000,87.44000000,361.34000000
1772588100000,87.35000000,87.55000000,87.35000000,87.49000000,28343.75000000
1772588160000,87.49000000,87.53000000,87.48000000,87.51000000,2560.78000000
1772588220000,87.54000000,87.57000000,87.47000000,87.55000000,21756.64000000
1772588280000,87.55000000,87.60000000,87.37000000,87.51000000,22729.99000000
1772588340000,87.52000000,87.61000000,87.45000000,87.60000000,23691.94000000
1772588400000,87.61000000,87.61000000,87.47000000,87.52000000,17284.36000000
1772588460000,87.52000000,87.61000000,87.43000000,87.61000000,11772.81000000
1772588520000,87.62000000,88.06000000,87.59000000,87.88000000,155959.35000000
1772588580000,87.85000000,87.86000000,87.73000000,87.77000000,25522.32000000
1772588640000,87.78000000,87.78000000,87.76000000,87.76000000,318.02000000
1772588700000,87.65000000,87.73000000,87.42000000,87.43000000,35145.93000000
1772588760000,87.46000000,87.58000000,87.40000000,87.40000000,20976.20000000
1772588820000,87.42000000,87.54000000,87.34000000,87.52000000,15940.75000000
1772588880000,87.51000000,87.51000000,87.37000000,87.37000000,14211.65000000
1772588940000,87.37000000,87.38000000,87.37000000,87.38000000,161.79000000
1772589000000,87.23000000,87.29000000,87.16000000,87.28000000,14110.46000000
1772589060000,87.26000000,87.40000000,87.25000000,87.36000000,10598.41000000
1772589120000,87.36000000,87.37000000,87.36000000,87.37000000,0.18000000
1772589180000,87.33000000,87.36000000,87.19000000,87.20000000,8185.58000000
1772589240000,87.23000000,87.33000000,87.23000000,87.28000000,7354.52000000
1772589300000,87.27000000,87.46000000,87.27000000,87.41000000,14870.07000000
1772589360000,87.39000000,87.45000000,87.29000000,87.30000000,7024.66000000
1772589420000,87.31000000,87.36000000,87.22000000,87.23000000,8795.65000000
1772589480000,87.24000000,87.29000000,87.21000000,87.23000000,6437.23000000
1772589540000,87.23000000,87.23000000,87.22000000,87.22000000,3.72000000
1772589600000,87.23000000,87.29000000,87.21000000,87.28000000,1487.27000000
1772589660000,87.27000000,87.30000000,87.10000000,87.13000000,18491.70000000
1772589720000,87.13000000,87.13000000,87.06000000,87.09000000,8907.46000000
1772589780000,87.04000000,87.04000000,87.03000000,87.03000000,48.23000000
1772589840000,87.07000000,87.18000000,87.04000000,87.08000000,10183.78000000
1772589900000,87.07000000,87.07000000,86.86000000,86.89000000,26906.75000000
1772589960000,86.89000000,86.98000000,86.87000000,86.90000000,18401.28000000
1772590020000,86.86000000,86.96000000,86.80000000,86.82000000,13481.99000000
1772590080000,86.82000000,86.93000000,86.80000000,86.92000000,16029.09000000
1772590140000,86.92000000,87.10000000,86.92000000,86.92000000,18638.20000000
1772590200000,86.93000000,87.10000000,86.93000000,86.95000000,10281.54000000
1772590260000,86.93000000,87.03000000,86.89000000,87.00000000,10300.25000000
1772590320000,86.99000000,87.00000000,86.99000000,87.00000000,9.76000000
1772590380000,87.17000000,87.18000000,87.14000000,87.18000000,1237.59000000
1772590440000,87.15000000,87.15000000,87.13000000,87.13000000,340.48000000
1772590500000,87.10000000,87.11000000,86.85000000,86.93000000,14468.56000000
1772590560000,86.93000000,86.97000000,86.81000000,86.87000000,27203.35000000
1772590620000,86.86000000,86.87000000,86.86000000,86.87000000,27.10000000
1772590680000,86.97000000,87.15000000,86.94000000,87.09000000,8422.22000000
1772590740000,87.10000000,87.35000000,87.10000000,87.34000000,23048.65000000
1772590800000,87.34000000,87.44000000,87.27000000,87.30000000,25854.80000000
1772590860000,87.30000000,87.30000000,87.29000000,87.30000000,167.29000000
1772590920000,87.23000000,87.25000000,87.23000000,87.25000000,46.95000000
1772590980000,87.27000000,87.27000000,87.16000000,87.21000000,7085.64000000
1772591040000,87.19000000,87.19000000,86.97000000,86.99000000,10281.62000000
1772591100000,86.99000000,87.00000000,86.96000000,86.96000000,1458.80000000
1772591160000,86.89000000,86.90000000,86.76000000,86.79000000,12287.51000000
1772591220000,86.79000000,86.84000000,86.78000000,86.80000000,7289.03000000
1772591280000,86.80000000,86.80000000,86.65000000,86.73000000,18074.38000000
1772591340000,86.72000000,86.72000000,86.65000000,86.71000000,4233.24000000
1772591400000,86.71000000,86.74000000,86.69000000,86.70000000,894.12000000
1772591460000,86.77000000,86.78000000,86.61000000,86.77000000,19147.11000000
1772591520000,86.77000000,86.79000000,86.69000000,86.79000000,13917.33000000
1772591580000,86.78000000,86.78000000,86.64000000,86.64000000,4765.67000000
1772591640000,86.64000000,86.72000000,86.49000000,86.54000000,23594.61000000
1772591700000,86.53000000,86.67000000,86.53000000,86.57000000,11498.13000000
1772591760000,86.56000000,86.57000000,86.55000000,86.55000000,362.97000000
1772591820000,86.70000000,86.73000000,86.69000000,86.72000000,1254.76000000
1772591880000,86.68000000,86.90000000,86.67000000,86.69000000,24726.49000000
1772591940000,86.69000000,86.85000000,86.68000000,86.82000000,10015.80000000
1772592000000,86.82000000,86.89000000,86.76000000,86.80000000,16837.28000000
1772592060000,86.79000000,86.90000000,86.74000000,86.86000000,7369.90000000
1772592120000,86.85000000,86.85000000,86.75000000,86.78000000,14399.87000000
1772592180000,86.79000000,86.82000000,86.72000000,86.78000000,6825.08000000
1772592240000,86.78000000,86.78000000,86.77000000,86.77000000,0.32000000
1772592300000,86.74000000,86.76000000,86.67000000,86.68000000,4529.33000000
1772592360000,86.68000000,86.80000000,86.67000000,86.76000000,6281.18000000
1772592420000,86.72000000,86.92000000,86.72000000,86.87000000,11105.08000000
1772592480000,86.87000000,87.10000000,86.87000000,87.01000000,14431.66000000
1772592540000,87.01000000,87.07000000,86.97000000,87.01000000,7257.39000000
1772592600000,87.03000000,87.22000000,87.02000000,87.19000000,26178.30000000
1772592660000,87.18000000,87.29000000,87.12000000,87.17000000,15743.60000000
1772592720000,87.20000000,87.22000000,87.05000000,87.17000000,12953.31000000
1772592780000,87.17000000,87.18000000,87.12000000,87.15000000,768.54000000
1772592840000,87.08000000,87.13000000,87.04000000,87.05000000,4410.67000000
1772592900000,87.04000000,87.10000000,87.02000000,87.09000000,2705.36000000
1772592960000,87.09000000,87.10000000,86.92000000,86.99000000,11019.85000000
1772593020000,86.99000000,87.07000000,86.99000000,87.04000000,4113.20000000
1772593080000,87.03000000,87.06000000,86.94000000,87.01000000,6827.31000000
1772593140000,87.01000000,87.06000000,86.95000000,87.02000000,9984.33000000
1772593200000,87.01000000,87.01000000,87.00000000,87.01000000,300.81000000
1772593260000,86.89000000,86.94000000,86.75000000,86.75000000,12665.05000000
1772593320000,86.64000000,86.67000000,86.55000000,86.59000000,34310.52000000
1772593380000,86.61000000,86.74000000,86.56000000,86.68000000,9544.30000000
1772593440000,86.67000000,86.69000000,86.57000000,86.59000000,5939.13000000
1772593500000,86.61000000,86.70000000,86.59000000,86.60000000,15237.50000000
1772593560000,86.60000000,86.60000000,86.58000000,86.58000000,435.96000000
1772593620000,86.56000000,86.64000000,86.44000000,86.60000000,39213.33000000
1772593680000,86.59000000,86.61000000,86.58000000,86.61000000,501.05000000
1772593740000,86.62000000,86.73000000,86.62000000,86.70000000,10132.26000000
1772593800000,86.69000000,86.72000000,86.59000000,86.59000000,5068.28000000
1772593860000,86.59000000,86.66000000,86.49000000,86.52000000,18708.25000000
1772593920000,86.53000000,86.65000000,86.50000000,86.62000000,9055.94000000
1772593980000,86.63000000,86.72000000,86.62000000,86.72000000,4667.56000000
1772594040000,86.84000000,86.95000000,86.84000000,86.85000000,5775.56000000
1772594100000,86.76000000,86.86000000,86.74000000,86.79000000,7955.14000000
1772594160000,86.86000000,86.92000000,86.74000000,86.77000000,5314.91000000
1772594220000,86.77000000,86.79000000,86.67000000,86.67000000,2046.62000000
1772594280000,86.69000000,86.77000000,86.68000000,86.70000000,3428.54000000
1772594340000,86.75000000,86.80000000,86.73000000,86.74000000,2820.82000000
1772594400000,86.81000000,86.96000000,86.81000000,86.87000000,10462.54000000
1772594460000,86.76000000,86.82000000,86.64000000,86.68000000,5947.84000000
1772594520000,86.77000000,86.84000000,86.75000000,86.81000000,5783.49000000
1772594580000,86.75000000,86.77000000,86.68000000,86.68000000,3004.40000000
1772594640000,86.67000000,86.67000000,86.55000000,86.59000000,8816.95000000
1772594700000,86.59000000,86.65000000,86.54000000,86.56000000,4855.83000000
1772594760000,86.50000000,86.55000000,86.43000000,86.53000000,10193.32000000
1772594820000,86.55000000,86.55000000,86.48000000,86.53000000,3162.90000000
1772594880000,86.46000000,86.46000000,86.31000000,86.32000000,34743.50000000
1772594940000,86.24000000,86.25000000,86.10000000,86.19000000,29001.80000000
1772595000000,86.13000000,86.18000000,86.05000000,86.18000000,16578.46000000
1772595060000,86.04000000,86.10000000,85.86000000,85.90000000,39070.55000000
1772595120000,85.76000000,85.86000000,85.68000000,85.78000000,63844.53000000
1772595180000,85.72000000,85.77000000,85.56000000,85.66000000,37731.80000000
1772595240000,85.55000000,85.60000000,85.41000000,85.50000000,60632.33000000
1772595300000,85.46000000,85.47000000,85.19000000,85.45000000,73851.90000000
1772595360000,85.37000000,85.50000000,85.37000000,85.40000000,30099.19000000
1772595420000,85.50000000,85.56000000,85.45000000,85.53000000,51596.56000000
1772595480000,85.79000000,85.83000000,85.72000000,85.83000000,20304.62000000
1772595540000,85.84000000,85.92000000,85.79000000,85.91000000,13501.48000000
1772595600000,85.82000000,85.90000000,85.79000000,85.80000000,6899.70000000
1772595660000,85.77000000,85.79000000,85.68000000,85.68000000,6822.33000000
1772595720000,85.71000000,85.73000000,85.63000000,85.67000000,11740.43000000
1772595780000,85.64000000,85.67000000,85.45000000,85.48000000,26964.97000000
1772595840000,85.44000000,85.47000000,85.15000000,85.32000000,73983.14000000
1772595900000,85.43000000,85.45000000,85.12000000,85.19000000,15442.00000000
1772595960000,85.35000000,85.48000000,85.34000000,85.44000000,20603.76000000
1772596020000,85.37000000,85.60000000,85.37000000,85.58000000,15181.39000000
1772596080000,85.58000000,85.59000000,85.52000000,85.56000000,5564.25000000
1772596140000,85.50000000,85.52000000,85.43000000,85.46000000,11079.55000000
1772596200000,85.45000000,85.55000000,85.39000000,85.51000000,24427.56000000
1772596260000,85.43000000,85.56000000,85.43000000,85.53000000,5479.93000000
1772596320000,85.49000000,85.59000000,85.47000000,85.52000000,7904.76000000
1772596380000,85.63000000,85.65000000,85.58000000,85.60000000,9000.19000000
1772596440000,85.61000000,85.63000000,85.54000000,85.56000000,3651.19000000
1772596500000,85.53000000,85.60000000,85.49000000,85.55000000,9963.58000000
1772596560000,85.53000000,85.58000000,85.51000000,85.52000000,4761.53000000
1772596620000,85.54000000,85.56000000,85.50000000,85.51000000,4992.50000000
1772596680000,85.52000000,85.63000000,85.51000000,85.61000000,4825.15000000
1772596740000,85.62000000,85.75000000,85.62000000,85.75000000,6187.08000000
1772596800000,85.71000000,85.87000000,85.70000000,85.86000000,6431.77000000
1772596860000,85.72000000,85.74000000,85.66000000,85.66000000,5627.60000000
1772596920000,85.53000000,85.63000000,85.53000000,85.61000000,4453.61000000
1772596980000,85.59000000,85.59000000,85.23000000,85.27000000,40733.74000000
1772597040000,85.42000000,85.58000000,85.42000000,85.50000000,8202.74000000
1772597100000,85.44000000,85.56000000,85.44000000,85.55000000,3904.28000000
1772597160000,85.57000000,85.58000000,85.33000000,85.43000000,31229.97000000
1772597220000,85.48000000,85.49000000,85.41000000,85.41000000,5384.03000000
1772597280000,85.41000000,85.42000000,85.35000000,85.39000000,7515.19000000
1772597340000,85.36000000,85.40000000,85.35000000,85.35000000,15083.79000000
1772597400000,85.37000000,85.42000000,85.34000000,85.42000000,4793.15000000
1772597460000,85.56000000,85.64000000,85.53000000,85.60000000,6529.32000000
1772597520000,85.59000000,85.65000000,85.55000000,85.61000000,4132.44000000
1772597580000,85.50000000,85.52000000,85.40000000,85.46000000,6537.00000000
1772597640000,85.44000000,85.45000000,85.39000000,85.39000000,2390.23000000
1772597700000,85.40000000,85.46000000,85.40000000,85.43000000,3793.77000000
1772597760000,85.41000000,85.41000000,85.31000000,85.35000000,8653.52000000
1772597820000,85.34000000,85.35000000,85.07000000,85.13000000,34540.65000000
1772597880000,85.16000000,85.21000000,85.14000000,85.18000000,4711.15000000
1772597940000,85.18000000,85.19000000,85.01000000,85.10000000,12418.36000000
1772598000000,85.08000000,85.10000000,85.05000000,85.06000000,5402.10000000
1772598060000,85.02000000,85.10000000,84.94000000,85.05000000,20421.58000000
1772598120000,85.01000000,85.03000000,84.97000000,85.03000000,9418.23000000
1772598180000,84.95000000,85.03000000,84.92000000,84.94000000,22774.64000000
1772598240000,84.93000000,85.01000000,84.92000000,84.98000000,10384.84000000
1772598300000,85.09000000,85.12000000,85.04000000,85.07000000,5330.66000000
1772598360000,85.09000000,85.12000000,85.02000000,85.02000000,4505.75000000
1772598420000,85.13000000,85.13000000,85.08000000,85.10000000,2796.35000000
1772598480000,85.10000000,85.10000000,85.06000000,85.06000000,1409.51000000
1772598540000,85.04000000,85.09000000,85.04000000,85.06000000,3654.55000000
1772598600000,85.00000000,85.01000000,84.87000000,84.91000000,15677.46000000
1772598660000,84.89000000,84.94000000,84.83000000,84.94000000,6223.34000000
1772598720000,84.96000000,85.07000000,84.94000000,85.07000000,6231.40000000
1772598780000,85.02000000,85.04000000,84.97000000,85.02000000,5309.49000000
1772598840000,84.94000000,85.06000000,84.94000000,85.06000000,5576.62000000
1772598900000,85.00000000,85.14000000,84.99000000,85.09000000,15086.29000000
1772598960000,85.02000000,85.03000000,84.94000000,84.95000000,5261.07000000
1772599020000,84.87000000,84.88000000,84.76000000,84.79000000,22841.74000000
1772599080000,84.87000000,84.95000000,84.87000000,84.93000000,3985.09000000
1772599140000,84.95000000,84.97000000,84.93000000,84.94000000,1468.56000000
1772599200000,85.01000000,85.04000000,84.96000000,84.97000000,6594.37000000
1772599260000,85.00000000,85.05000000,84.93000000,85.05000000,3855.77000000
1772599320000,85.03000000,85.11000000,85.03000000,85.08000000,3653.43000000
1772599380000,85.14000000,85.30000000,85.13000000,85.27000000,13467.97000000
1772599440000,85.23000000,85.29000000,85.22000000,85.28000000,5246.59000000
1772599500000,85.28000000,85.30000000,85.26000000,85.29000000,4289.17000000
1772599560000,85.25000000,85.28000000,85.20000000,85.22000000,11613.47000000
1772599620000,85.19000000,85.22000000,85.14000000,85.19000000,5244.98000000
1772599680000,85.19000000,85.21000000,85.16000000,85.20000000,2515.70000000
1772599740000,85.18000000,85.21000000,85.17000000,85.20000000,2219.18000000
1772599800000,85.27000000,85.29000000,85.18000000,85.25000000,5594.87000000
1772599860000,85.35000000,85.35000000,85.25000000,85.32000000,6266.67000000
1772599920000,85.36000000,85.38000000,85.26000000,85.27000000,6002.00000000
1772599980000,85.28000000,85.36000000,85.27000000,85.36000000,3786.41000000
1772600040000,85.38000000,85.48000000,85.37000000,85.40000000,12109.75000000
1772600100000,85.42000000,85.42000000,85.37000000,85.40000000,4762.31000000
1772600160000,85.37000000,85.48000000,85.36000000,85.47000000,6608.47000000
1772600220000,85.46000000,85.49000000,85.42000000,85.43000000,8655.84000000
1772600280000,85.36000000,85.37000000,85.30000000,85.32000000,4485.04000000
1772600340000,85.38000000,85.41000000,85.35000000,85.35000000,3107.23000000
1772600400000,85.35000000,85.36000000,85.29000000,85.34000000,4746.72000000
1772600460000,85.31000000,85.32000000,85.30000000,85.31000000,2449.51000000
1772600520000,85.35000000,85.36000000,85.27000000,85.28000000,4892.40000000
1772600580000,85.27000000,85.29000000,84.99000000,85.12000000,90894.06000000
1772600640000,85.22000000,85.28000000,85.21000000,85.21000000,4843.93000000
1772600700000,85.21000000,85.28000000,85.19000000,85.20000000,10326.47000000
1772600760000,85.16000000,85.18000000,85.05000000,85.15000000,5629.85000000
1772600820000,85.13000000,85.19000000,85.10000000,85.19000000,6681.03000000
1772600880000,85.32000000,85.33000000,85.21000000,85.25000000,8266.62000000
1772600940000,85.32000000,85.41000000,85.31000000,85.38000000,6214.57000000
1772601000000,85.33000000,85.37000000,85.30000000,85.36000000,4933.77000000
1772601060000,85.32000000,85.36000000,85.32000000,85.33000000,2333.46000000
1772601120000,85.35000000,85.36000000,85.32000000,85.32000000,2906.21000000
1772601180000,85.30000000,85.30000000,85.26000000,85.28000000,2085.70000000
1772601240000,85.33000000,85.35000000,85.29000000,85.29000000,2973.57000000
1772601300000,85.36000000,85.36000000,85.27000000,85.29000000,4300.17000000
1772601360000,85.30000000,85.32000000,85.24000000,85.25000000,4837.98000000
1772601420000,85.34000000,85.47000000,85.34000000,85.41000000,5926.75000000
1772601480000,85.42000000,85.44000000,85.34000000,85.34000000,2431.48000000
1772601540000,85.41000000,85.42000000,85.35000000,85.42000000,3180.77000000
1772601600000,85.46000000,85.73000000,85.41000000,85.52000000,90082.71000000
1772601660000,85.55000000,85.56000000,85.48000000,85.51000000,7397.70000000
1772601720000,85.45000000,85.45000000,85.37000000,85.41000000,4670.99000000
1772601780000,85.38000000,85.47000000,85.37000000,85.43000000,3995.86000000
1772601840000,85.40000000,85.44000000,85.38000000,85.41000000,4077.39000000
1772601900000,85.36000000,85.46000000,85.36000000,85.42000000,6566.41000000
1772601960000,85.42000000,85.42000000,85.37000000,85.39000000,3180.22000000
1772602020000,85.10000000,85.12000000,84.89000000,85.04000000,61074.76000000
1772602080000,85.07000000,85.10000000,85.03000000,85.06000000,3857.73000000
1772602140000,85.08000000,85.13000000,85.08000000,85.13000000,1478.83000000
1772602200000,85.15000000,85.18000000,85.12000000,85.13000000,6596.05000000
1772602260000,85.17000000,85.23000000,85.15000000,85.16000000,5033.03000000
1772602320000,85.17000000,85.24000000,85.16000000,85.21000000,2642.33000000
1772602380000,85.08000000,85.09000000,84.93000000,85.00000000,25831.68000000
1772602440000,84.98000000,85.02000000,84.84000000,84.94000000,33822.42000000
1772602500000,84.85000000,84.88000000,84.81000000,84.88000000,24336.64000000
1772602560000,84.81000000,84.84000000,84.75000000,84.80000000,14334.19000000
1772602620000,84.88000000,85.06000000,84.85000000,85.05000000,15477.54000000
1772602680000,85.14000000,85.19000000,85.12000000,85.12000000,3832.82000000
1772602740000,85.19000000,85.29000000,85.18000000,85.27000000,9406.90000000
1772602800000,85.33000000,85.39000000,85.31000000,85.38000000,6313.96000000
1772602860000,85.38000000,85.41000000,85.33000000,85.33000000,4248.05000000
1772602920000,85.59000000,85.65000000,85.53000000,85.64000000,13497.56000000
1772602980000,85.83000000,85.91000000,85.79000000,85.87000000,37644.52000000
1772603040000,85.82000000,85.82000000,85.67000000,85.70000000,13577.85000000
1772603100000,85.72000000,85.72000000,85.63000000,85.65000000,12569.41000000
1772603160000,85.67000000,85.78000000,85.65000000,85.78000000,6921.73000000
1772603220000,85.83000000,85.93000000,85.79000000,85.87000000,7715.15000000
1772603280000,85.92000000,85.92000000,85.83000000,85.85000000,5514.64000000
1772603340000,85.68000000,85.69000000,85.61000000,85.64000000,12737.68000000
1772603400000,85.66000000,85.67000000,85.59000000,85.66000000,2598.44000000
1772603460000,85.64000000,85.68000000,85.64000000,85.67000000,9591.06000000
1772603520000,85.62000000,85.70000000,85.61000000,85.70000000,3457.77000000
1772603580000,85.69000000,85.79000000,85.65000000,85.77000000,8479.52000000
1772603640000,85.72000000,85.80000000,85.67000000,85.80000000,8283.75000000
1772603700000,85.78000000,85.79000000,85.72000000,85.76000000,4619.75000000
1772603760000,85.74000000,85.76000000,85.73000000,85.73000000,1674.34000000
1772603820000,85.73000000,85.78000000,85.72000000,85.78000000,1607.23000000
1772603880000,85.76000000,85.77000000,85.72000000,85.76000000,1970.44000000
1772603940000,85.72000000,85.73000000,85.68000000,85.68000000,1648.37000000
1772604000000,85.63000000,85.64000000,85.55000000,85.63000000,6811.77000000
1772604060000,85.59000000,85.60000000,85.51000000,85.51000000,4313.19000000
1772604120000,85.45000000,85.48000000,85.41000000,85.44000000,11851.84000000
1772604180000,85.42000000,85.43000000,85.37000000,85.43000000,6763.04000000
1772604240000,85.39000000,85.42000000,85.38000000,85.42000000,3097.04000000
1772604300000,85.53000000,85.55000000,85.46000000,85.50000000,8801.73000000
1772604360000,85.55000000,85.55000000,85.49000000,85.49000000,3384.39000000
1772604420000,85.47000000,85.51000000,85.46000000,85.47000000,4937.88000000
1772604480000,85.32000000,85.38000000,85.31000000,85.32000000,2878.48000000
1772604540000,85.25000000,85.27000000,85.15000000,85.18000000,15879.43000000
1772604600000,85.28000000,85.29000000,85.14000000,85.17000000,9786.14000000
1772604660000,85.07000000,85.11000000,85.05000000,85.10000000,5134.35000000
1772604720000,85.02000000,85.07000000,85.02000000,85.03000000,5371.12000000
1772604780000,85.01000000,85.04000000,84.99000000,85.01000000,4727.32000000
1772604840000,85.01000000,85.06000000,84.98000000,85.05000000,3774.35000000
1772604900000,85.13000000,85.14000000,85.06000000,85.12000000,14125.71000000
1772604960000,85.11000000,85.12000000,84.98000000,84.98000000,8513.31000000
1772605020000,84.98000000,85.01000000,84.92000000,84.96000000,8792.62000000
1772605080000,84.96000000,85.08000000,84.96000000,85.03000000,14207.72000000
1772605140000,85.04000000,85.11000000,85.02000000,85.08000000,7019.55000000
1772605200000,85.07000000,85.08000000,85.02000000,85.04000000,4351.52000000
1772605260000,85.04000000,85.10000000,85.03000000,85.04000000,4471.66000000
1772605320000,85.12000000,85.12000000,85.01000000,85.02000000,15640.00000000
1772605380000,85.05000000,85.16000000,85.05000000,85.15000000,4307.23000000
1772605440000,85.12000000,85.16000000,85.10000000,85.12000000,3709.27000000
1772605500000,85.17000000,85.21000000,85.13000000,85.20000000,6628.49000000
1772605560000,85.14000000,85.16000000,85.10000000,85.11000000,4788.03000000
1772605620000,85.13000000,85.20000000,85.12000000,85.14000000,2297.57000000
1772605680000,85.10000000,85.18000000,85.09000000,85.09000000,5383.18000000
1772605740000,85.12000000,85.16000000,85.12000000,85.15000000,1146.79000000
1772605800000,85.14000000,85.25000000,85.14000000,85.17000000,7368.44000000
1772605860000,85.17000000,85.33000000,85.14000000,85.33000000,18367.79000000
1772605920000,85.22000000,85.31000000,85.22000000,85.31000000,3987.69000000
1772605980000,85.35000000,85.53000000,85.34000000,85.46000000,15502.91000000
1772606040000,85.49000000,85.61000000,85.44000000,85.60000000,9079.91000000
1772606100000,85.75000000,85.93000000,85.75000000,85.86000000,44771.41000000
1772606160000,85.76000000,85.77000000,85.59000000,85.60000000,13775.10000000
1772606220000,85.66000000,85.79000000,85.65000000,85.74000000,13708.60000000
1772606280000,85.75000000,85.80000000,85.71000000,85.76000000,12639.28000000
1772606340000,85.77000000,85.89000000,85.75000000,85.88000000,8539.33000000
1772606400000,85.89000000,85.92000000,85.81000000,85.84000000,12458.69000000
1772606460000,85.85000000,85.95000000,85.85000000,85.92000000,12520.15000000
1772606520000,85.90000000,86.00000000,85.80000000,85.81000000,34343.57000000
1772606580000,85.88000000,85.89000000,85.74000000,85.81000000,16360.62000000
1772606640000,85.79000000,85.82000000,85.68000000,85.73000000,16889.51000000
1772606700000,85.85000000,85.89000000,85.65000000,85.68000000,16407.59000000
1772606760000,85.68000000,85.68000000,85.51000000,85.58000000,12686.40000000
1772606820000,85.63000000,85.68000000,85.54000000,85.61000000,15352.52000000
1772606880000,85.49000000,85.57000000,85.43000000,85.46000000,11144.23000000
1772606940000,85.46000000,85.55000000,85.39000000,85.41000000,24689.24000000
1772607000000,85.58000000,85.58000000,85.36000000,85.40000000,31965.86000000
1772607060000,85.37000000,85.41000000,85.30000000,85.31000000,23004.98000000
1772607120000,85.25000000,85.33000000,85.21000000,85.31000000,8820.21000000
1772607180000,85.32000000,85.44000000,85.31000000,85.42000000,7880.29000000
1772607240000,85.45000000,85.51000000,85.44000000,85.51000000,4574.95000000
1772607300000,85.52000000,85.54000000,85.45000000,85.47000000,3880.48000000
1772607360000,85.49000000,85.51000000,85.42000000,85.45000000,5859.53000000
1772607420000,85.47000000,85.51000000,85.47000000,85.50000000,3048.19000000
1772607480000,85.46000000,85.52000000,85.45000000,85.50000000,4434.14000000
1772607540000,85.54000000,85.59000000,85.51000000,85.59000000,7760.55000000
1772607600000,85.56000000,85.61000000,85.54000000,85.61000000,6056.49000000
1772607660000,85.64000000,85.69000000,85.64000000,85.67000000,4677.23000000
1772607720000,85.70000000,85.78000000,85.67000000,85.76000000,6041.13000000
1772607780000,85.69000000,85.76000000,85.69000000,85.70000000,7891.01000000
1772607840000,85.67000000,85.73000000,85.61000000,85.70000000,10009.47000000
1772607900000,85.52000000,85.56000000,85.45000000,85.47000000,11635.48000000
1772607960000,85.50000000,85.57000000,85.50000000,85.55000000,7025.86000000
1772608020000,85.57000000,85.57000000,85.55000000,85.55000000,2019.70000000
1772608080000,85.57000000,85.65000000,85.56000000,85.64000000,3100.06000000
1772608140000,85.66000000,85.75000000,85.66000000,85.66000000,6800.68000000
1772608200000,85.78000000,85.78000000,85.61000000,85.67000000,2465.14000000
1772608260000,85.65000000,85.71000000,85.65000000,85.70000000,2743.87000000
1772608320000,85.69000000,85.70000000,85.66000000,85.67000000,1817.45000000
1772608380000,85.65000000,85.68000000,85.60000000,85.65000000,3191.01000000
1772608440000,85.66000000,85.67000000,85.64000000,85.66000000,2334.23000000
1772608500000,85.65000000,85.68000000,85.60000000,85.65000000,3683.31000000
1772608560000,85.65000000,85.72000000,85.64000000,85.71000000,3468.45000000
1772608620000,85.71000000,85.72000000,85.63000000,85.67000000,3443.77000000
1772608680000,85.67000000,85.70000000,85.66000000,85.69000000,2504.93000000
1772608740000,85.61000000,85.67000000,85.59000000,85.65000000,5391.90000000
1772608800000,85.68000000,85.69000000,85.62000000,85.64000000,3100.62000000
1772608860000,85.66000000,85.80000000,85.64000000,85.74000000,12910.89000000
1772608920000,85.81000000,85.90000000,85.80000000,85.85000000,4804.19000000
1772608980000,85.85000000,85.92000000,85.84000000,85.87000000,4057.14000000
1772609040000,85.89000000,86.00000000,85.89000000,85.93000000,10846.38000000
1772609100000,85.92000000,85.94000000,85.87000000,85.88000000,4987.02000000
1772609160000,85.90000000,85.92000000,85.88000000,85.90000000,3510.61000000
1772609220000,85.99000000,86.01000000,85.96000000,85.99000000,9397.47000000
1772609280000,85.96000000,86.08000000,85.93000000,86.07000000,17279.19000000
1772609340000,86.13000000,86.22000000,86.11000000,86.21000000,15217.99000000
1772609400000,86.26000000,86.37000000,86.25000000,86.28000000,38957.98000000
1772609460000,86.29000000,86.30000000,86.23000000,86.26000000,10661.39000000
1772609520000,86.34000000,86.35000000,86.20000000,86.28000000,12377.92000000
1772609580000,86.25000000,86.28000000,86.15000000,86.22000000,11230.65000000
1772609640000,86.22000000,86.40000000,86.21000000,86.37000000,15897.15000000
1772609700000,86.41000000,86.43000000,86.33000000,86.38000000,16254.61000000
1772609760000,86.36000000,86.41000000,86.34000000,86.37000000,10169.97000000
1772609820000,86.34000000,86.37000000,86.30000000,86.36000000,7442.18000000
1772609880000,86.39000000,86.43000000,86.35000000,86.36000000,3431.58000000
1772609940000,86.36000000,86.40000000,86.34000000,86.40000000,3937.40000000
1772610000000,86.45000000,86.56000000,86.40000000,86.52000000,24227.44000000
1772610060000,86.54000000,86.73000000,86.53000000,86.61000000,29173.28000000
1772610120000,86.65000000,86.66000000,86.50000000,86.50000000,16069.91000000
1772610180000,86.56000000,86.64000000,86.56000000,86.61000000,17586.38000000
1772610240000,86.61000000,86.72000000,86.60000000,86.68000000,24142.87000000
1772610300000,86.69000000,86.69000000,86.51000000,86.56000000,13175.10000000
1772610360000,86.59000000,86.70000000,86.59000000,86.70000000,9273.06000000
1772610420000,86.84000000,87.15000000,86.83000000,87.12000000,108590.40000000
1772610480000,87.11000000,87.33000000,87.09000000,87.27000000,133746.78000000
1772610540000,87.39000000,87.45000000,87.33000000,87.39000000,47347.87000000
1772610600000,87.30000000,87.31000000,87.20000000,87.26000000,35505.92000000
1772610660000,87.18000000,87.27000000,87.13000000,87.14000000,21320.34000000
1772610720000,87.19000000,87.20000000,87.14000000,87.19000000,14892.11000000
1772610780000,87.16000000,87.22000000,87.07000000,87.19000000,34915.71000000
1772610840000,87.19000000,87.20000000,87.12000000,87.12000000,10348.36000000
1772610900000,87.12000000,87.17000000,87.10000000,87.10000000,14859.41000000
1772610960000,87.15000000,87.17000000,87.07000000,87.13000000,24107.58000000
1772611020000,87.30000000,87.40000000,87.18000000,87.19000000,23873.70000000
1772611080000,87.20000000,87.49000000,87.20000000,87.41000000,34532.91000000
1772611140000,87.39000000,87.47000000,87.38000000,87.45000000,14994.24000000
1772611200000,87.38000000,87.44000000,87.28000000,87.32000000,27173.05000000
1772611260000,87.68000000,87.74000000,87.34000000,87.34000000,25160.99000000
1772611320000,87.18000000,87.25000000,87.11000000,87.18000000,23128.92000000
1772611380000,87.25000000,87.35000000,87.15000000,87.16000000,16744.99000000
1772611440000,87.13000000,87.16000000,87.07000000,87.10000000,14299.84000000
1772611500000,87.15000000,87.26000000,87.07000000,87.23000000,22153.29000000
1772611560000,87.23000000,87.35000000,87.22000000,87.33000000,14234.83000000
1772611620000,87.38000000,87.51000000,87.38000000,87.39000000,24018.64000000
1772611680000,87.43000000,87.49000000,87.32000000,87.38000000,26288.43000000
1772611740000,87.31000000,87.50000000,87.29000000,87.49000000,16186.60000000
1772611800000,87.50000000,87.50000000,87.36000000,87.39000000,9253.21000000
1772611860000,87.39000000,87.41000000,87.18000000,87.27000000,37858.10000000
1772611920000,87.20000000,87.29000000,87.19000000,87.27000000,16368.29000000
1772611980000,87.20000000,87.28000000,87.17000000,87.24000000,12910.37000000
1772612040000,87.25000000,87.29000000,87.23000000,87.29000000,9736.64000000
1772612100000,87.21000000,87.22000000,87.01000000,87.04000000,33783.24000000
1772612160000,87.08000000,87.15000000,87.02000000,87.09000000,31093.77000000
1772612220000,87.07000000,87.11000000,87.04000000,87.04000000,9515.05000000
1772612280000,87.05000000,87.06000000,86.96000000,86.98000000,21098.61000000
1772612340000,87.02000000,87.23000000,87.01000000,87.18000000,21413.95000000
1772612400000,87.09000000,87.31000000,87.09000000,87.27000000,17958.90000000
1772612460000,87.25000000,87.26000000,87.00000000,87.01000000,31815.67000000
1772612520000,87.04000000,87.08000000,86.95000000,87.01000000,20809.17000000
1772612580000,87.03000000,87.04000000,86.96000000,87.03000000,12050.73000000
1772612640000,87.09000000,87.19000000,87.08000000,87.16000000,14105.86000000
1772612700000,87.10000000,87.11000000,87.06000000,87.08000000,6374.77000000
1772612760000,87.13000000,87.19000000,87.12000000,87.16000000,9808.25000000
1772612820000,87.22000000,87.27000000,87.17000000,87.21000000,9240.44000000
1772612880000,87.14000000,87.18000000,87.07000000,87.15000000,11737.70000000
1772612940000,87.15000000,87.16000000,87.06000000,87.11000000,8624.95000000
1772613000000,87.10000000,87.23000000,87.10000000,87.20000000,13897.55000000
1772613060000,87.20000000,87.39000000,87.20000000,87.30000000,23725.49000000
1772613120000,87.30000000,87.36000000,87.27000000,87.34000000,23683.21000000
1772613180000,87.23000000,87.41000000,87.23000000,87.36000000,12107.24000000
1772613240000,87.40000000,87.47000000,87.33000000,87.33000000,12468.92000000
1772613300000,87.39000000,87.46000000,87.38000000,87.42000000,10350.00000000
1772613360000,87.41000000,87.46000000,87.40000000,87.44000000,6778.64000000
1772613420000,87.45000000,87.45000000,87.33000000,87.36000000,8394.53000000
1772613480000,87.37000000,87.46000000,87.37000000,87.42000000,7841.55000000
1772613540000,87.42000000,87.44000000,87.40000000,87.42000000,6079.35000000
1772613600000,87.40000000,87.44000000,87.36000000,87.39000000,6791.23000000
1772613660000,87.50000000,87.75000000,87.48000000,87.68000000,43889.15000000
1772613720000,87.69000000,87.87000000,87.68000000,87.85000000,43848.44000000
1772613780000,87.83000000,87.92000000,87.78000000,87.87000000,31717.58000000
1772613840000,87.87000000,87.95000000,87.85000000,87.91000000,31435.60000000
1772613900000,87.91000000,88.04000000,87.90000000,88.03000000,58643.84000000
1772613960000,88.08000000,88.70000000,88.03000000,88.51000000,275164.72000000
1772614020000,88.43000000,88.73000000,88.39000000,88.68000000,111217.26000000
1772614080000,88.63000000,88.91000000,88.62000000,88.78000000,99750.23000000
1772614140000,88.91000000,88.96000000,88.83000000,88.93000000,36585.50000000
1772614200000,88.87000000,89.00000000,88.85000000,88.95000000,46365.89000000
1772614260000,88.95000000,89.11000000,88.88000000,88.95000000,128858.10000000
1772614320000,88.77000000,88.91000000,88.69000000,88.91000000,40542.12000000
1772614380000,88.92000000,88.92000000,88.78000000,88.78000000,25613.34000000
1772614440000,88.82000000,89.01000000,88.77000000,88.92000000,65986.68000000
1772614500000,89.08000000,89.34000000,89.07000000,89.29000000,73574.02000000
1772614560000,89.37000000,89.42000000,89.18000000,89.32000000,52029.96000000
1772614620000,89.36000000,89.98000000,89.24000000,89.74000000,161948.70000000
1772614680000,89.80000000,89.87000000,89.64000000,89.68000000,84989.11000000
1772614740000,89.65000000,89.72000000,89.59000000,89.66000000,33339.16000000
1772614800000,89.69000000,89.87000000,89.63000000,89.63000000,59412.10000000
1772614860000,89.58000000,89.69000000,89.54000000,89.68000000,33902.87000000
1772614920000,89.69000000,89.69000000,89.31000000,89.35000000,61844.46000000
1772614980000,89.40000000,89.47000000,89.30000000,89.37000000,49939.53000000
1772615040000,89.36000000,89.37000000,89.18000000,89.34000000,41301.37000000
1772615100000,89.37000000,89.70000000,89.30000000,89.69000000,56596.39000000
1772615160000,89.70000000,89.92000000,89.59000000,89.86000000,64212.56000000
1772615220000,89.92000000,89.96000000,89.41000000,89.41000000,56625.63000000
1772615280000,89.36000000,89.59000000,89.35000000,89.53000000,52642.62000000
1772615340000,89.49000000,89.53000000,89.40000000,89.43000000,27996.28000000
1772615400000,89.42000000,89.55000000,89.39000000,89.52000000,78633.73000000
1772615460000,89.54000000,89.60000000,89.38000000,89.46000000,33250.29000000
1772615520000,89.51000000,89.60000000,89.45000000,89.45000000,17883.06000000
1772615580000,89.48000000,89.65000000,89.48000000,89.63000000,32006.20000000
1772615640000,89.65000000,89.70000000,89.53000000,89.63000000,32385.53000000
1772615700000,89.58000000,89.81000000,89.54000000,89.69000000,34819.49000000
1772615760000,89.71000000,89.86000000,89.67000000,89.86000000,31064.01000000
1772615820000,89.83000000,90.17000000,89.82000000,89.91000000,209692.56000000
1772615880000,89.92000000,90.03000000,89.79000000,89.89000000,50097.06000000
1772615940000,89.89000000,89.89000000,89.65000000,89.79000000,35492.79000000
1772616000000,89.79000000,90.20000000,89.78000000,90.15000000,75566.51000000
1772616060000,90.16000000,90.19000000,90.10000000,90.12000000,12935.82000000
1772616120000,89.88000000,89.91000000,89.84000000,89.90000000,20776.55000000
1772616180000,89.96000000,89.97000000,89.80000000,89.80000000,5836.81000000
1772616240000,89.72000000,89.80000000,89.72000000,89.77000000,11057.06000000
1772616300000,89.88000000,89.90000000,89.82000000,89.89000000,7684.79000000
1772616360000,90.00000000,90.00000000,89.86000000,89.89000000,6574.75000000
1772616420000,89.89000000,89.96000000,89.86000000,89.95000000,4070.72000000
1772616480000,90.14000000,90.15000000,90.03000000,90.04000000,6715.36000000
1772616540000,90.03000000,90.05000000,89.92000000,89.93000000,3915.92000000
1772616600000,90.06000000,90.13000000,90.02000000,90.13000000,14656.20000000
1772616660000,90.36000000,90.42000000,90.23000000,90.25000000,35180.01000000
1772616720000,90.66000000,90.79000000,90.60000000,90.64000000,28858.70000000
1772616780000,90.59000000,90.61000000,90.53000000,90.53000000,8054.19000000
1772616840000,90.27000000,90.38000000,90.27000000,90.36000000,10463.93000000
1772616900000,90.93000000,91.20000000,90.80000000,90.99000000,98919.46000000
1772616960000,91.10000000,91.18000000,91.07000000,91.11000000,25542.06000000
1772617020000,90.84000000,90.88000000,90.79000000,90.79000000,10036.22000000
1772617080000,91.27000000,91.29000000,91.03000000,91.04000000,36364.39000000
1772617140000,91.05000000,91.10000000,91.00000000,91.01000000,6517.17000000
1772617200000,90.82000000,90.85000000,90.80000000,90.84000000,6175.77000000
1772617260000,90.79000000,90.95000000,90.77000000,90.95000000,31928.36000000
1772617320000,90.94000000,91.04000000,90.85000000,91.03000000,44542.19000000
1772617380000,91.03000000,91.03000000,90.92000000,90.97000000,24525.71000000
1772617440000,90.96000000,90.96000000,90.73000000,90.78000000,36140.73000000
1772617500000,90.77000000,90.95000000,90.77000000,90.91000000,37346.82000000
1772617560000,91.06000000,91.06000000,90.90000000,90.90000000,14085.21000000
1772617620000,90.91000000,90.94000000,90.73000000,90.80000000,21812.02000000
1772617680000,90.87000000,90.95000000,90.79000000,90.80000000,10621.62000000
1772617740000,90.90000000,91.00000000,90.84000000,90.95000000,15145.37000000
1772617800000,90.94000000,90.97000000,90.84000000,90.95000000,7829.85000000
1772617860000,91.00000000,91.12000000,90.99000000,91.12000000,12098.20000000
1772617920000,90.95000000,90.95000000,90.58000000,90.76000000,90241.19000000
1772617980000,90.51000000,90.56000000,90.48000000,90.51000000,29404.22000000
1772618040000,90.43000000,90.46000000,90.29000000,90.38000000,49085.54000000
1772618100000,90.40000000,90.48000000,90.38000000,90.47000000,31842.77000000
1772618160000,90.28000000,90.37000000,90.26000000,90.37000000,64352.99000000
1772618220000,90.45000000,90.45000000,90.35000000,90.41000000,21938.22000000
1772618280000,90.36000000,90.45000000,90.34000000,90.44000000,15115.29000000
1772618340000,90.47000000,90.58000000,90.47000000,90.55000000,13015.33000000
1772618400000,90.51000000,90.64000000,90.51000000,90.59000000,31551.77000000
1772618460000,90.60000000,90.76000000,90.57000000,90.76000000,15117.33000000
1772618520000,90.54000000,90.69000000,90.54000000,90.62000000,15784.66000000
1772618580000,90.59000000,90.63000000,90.53000000,90.60000000,8690.91000000
1772618640000,90.54000000,90.74000000,90.54000000,90.59000000,61811.59000000
1772618700000,90.64000000,90.64000000,90.46000000,90.46000000,17991.46000000
1772618760000,90.37000000,90.53000000,90.34000000,90.53000000,16111.59000000
1772618820000,90.67000000,90.77000000,90.66000000,90.69000000,15957.00000000
1772618880000,90.75000000,90.80000000,90.61000000,90.80000000,14440.74000000
1772618940000,90.91000000,91.04000000,90.88000000,90.95000000,36209.61000000
1772619000000,90.80000000,90.80000000,90.62000000,90.68000000,19308.71000000
1772619060000,90.61000000,90.71000000,90.57000000,90.58000000,12639.65000000
1772619120000,90.54000000,90.63000000,90.51000000,90.55000000,12241.56000000
1772619180000,90.61000000,90.62000000,90.55000000,90.58000000,12660.81000000
1772619240000,90.51000000,90.52000000,90.45000000,90.51000000,10460.19000000
1772619300000,90.56000000,90.56000000,90.47000000,90.50000000,8013.83000000
1772619360000,90.61000000,90.61000000,90.50000000,90.51000000,32475.95000000
1772619420000,90.59000000,90.69000000,90.42000000,90.45000000,17913.68000000
1772619480000,90.45000000,90.47000000,90.33000000,90.47000000,27149.49000000
1772619540000,90.36000000,90.37000000,90.23000000,90.24000000,24045.42000000
1772619600000,90.26000000,90.36000000,90.25000000,90.31000000,13751.04000000
1772619660000,90.33000000,90.37000000,90.29000000,90.30000000,11984.41000000
1772619720000,90.27000000,90.43000000,90.25000000,90.35000000,15147.11000000
1772619780000,90.32000000,90.35000000,90.13000000,90.14000000,16538.95000000
1772619840000,90.02000000,90.11000000,90.02000000,90.02000000,24434.89000000
1772619900000,90.07000000,90.15000000,90.06000000,90.13000000,9578.68000000
1772619960000,90.06000000,90.10000000,89.92000000,89.97000000,19869.93000000
1772620020000,89.84000000,89.97000000,89.84000000,89.88000000,21123.92000000
1772620080000,90.08000000,90.09000000,90.03000000,90.04000000,5595.75000000
1772620140000,90.18000000,90.26000000,90.13000000,90.25000000,14471.29000000
1772620200000,90.36000000,90.40000000,90.26000000,90.30000000,21077.25000000
1772620260000,90.45000000,90.64000000,90.45000000,90.60000000,37187.68000000
1772620320000,90.56000000,90.65000000,90.34000000,90.41000000,74670.51000000
1772620380000,90.38000000,90.38000000,90.18000000,90.19000000,11278.36000000
1772620440000,90.16000000,90.21000000,90.09000000,90.13000000,15279.81000000
1772620500000,90.09000000,90.20000000,90.08000000,90.17000000,10558.54000000
1772620560000,90.21000000,90.27000000,90.19000000,90.26000000,15266.20000000
1772620620000,90.29000000,90.30000000,90.24000000,90.24000000,8272.26000000
1772620680000,90.24000000,90.25000000,90.13000000,90.20000000,8200.29000000
1772620740000,90.23000000,90.30000000,90.20000000,90.29000000,7910.61000000
1772620800000,90.28000000,90.42000000,90.28000000,90.39000000,9887.00000000
1772620860000,90.30000000,90.36000000,90.27000000,90.28000000,12309.95000000
1772620920000,90.22000000,90.23000000,90.17000000,90.19000000,6538.09000000
1772620980000,90.27000000,90.29000000,90.25000000,90.26000000,2605.31000000
1772621040000,90.14000000,90.23000000,90.14000000,90.22000000,4094.99000000
1772621100000,90.19000000,90.29000000,90.18000000,90.26000000,11318.27000000
1772621160000,90.29000000,90.31000000,90.21000000,90.26000000,14685.18000000
1772621220000,90.36000000,90.36000000,90.26000000,90.28000000,19872.47000000
1772621280000,90.19000000,90.21000000,90.15000000,90.19000000,5757.61000000
1772621340000,90.09000000,90.09000000,90.04000000,90.06000000,8037.86000000
1772621400000,90.16000000,90.36000000,90.16000000,90.36000000,6932.65000000
1772621460000,90.42000000,90.45000000,90.40000000,90.41000000,30597.96000000
1772621520000,90.33000000,90.33000000,90.23000000,90.23000000,8038.44000000
1772621580000,90.18000000,90.22000000,90.15000000,90.19000000,5659.11000000
1772621640000,90.20000000,90.20000000,90.13000000,90.14000000,5614.35000000
1772621700000,90.03000000,90.05000000,90.02000000,90.02000000,4840.75000000
1772621760000,89.98000000,90.01000000,89.95000000,89.99000000,17360.66000000
1772621820000,89.99000000,90.00000000,89.93000000,89.93000000,7258.28000000
1772621880000,90.00000000,90.01000000,89.95000000,89.99000000,5122.60000000
1772621940000,90.02000000,90.05000000,89.99000000,90.01000000,7286.14000000
1772622000000,90.12000000,90.19000000,90.12000000,90.15000000,12241.85000000
1772622060000,90.26000000,90.29000000,90.22000000,90.28000000,16719.39000000
1772622120000,90.32000000,90.32000000,90.18000000,90.27000000,5124.24000000
1772622180000,90.32000000,90.33000000,90.24000000,90.25000000,6256.76000000
1772622240000,90.37000000,90.39000000,90.33000000,90.36000000,9859.06000000
1772622300000,90.25000000,90.31000000,90.24000000,90.24000000,4196.40000000
1772622360000,90.23000000,90.26000000,90.20000000,90.20000000,2647.34000000
1772622420000,90.16000000,90.20000000,90.16000000,90.19000000,2487.65000000
1772622480000,90.07000000,90.10000000,90.02000000,90.02000000,6543.70000000
1772622540000,90.08000000,90.14000000,90.07000000,90.10000000,4367.20000000
1772622600000,90.13000000,90.21000000,90.13000000,90.21000000,4205.29000000
1772622660000,90.28000000,90.37000000,90.27000000,90.34000000,12417.83000000
1772622720000,90.30000000,90.38000000,90.23000000,90.23000000,10037.93000000
1772622780000,90.27000000,90.34000000,90.25000000,90.34000000,1788.68000000
1772622840000,90.47000000,90.47000000,90.38000000,90.43000000,35630.44000000
1772622900000,90.43000000,90.45000000,90.38000000,90.39000000,17386.55000000
1772622960000,90.44000000,90.62000000,90.38000000,90.47000000,73099.91000000
1772623020000,90.44000000,90.45000000,90.40000000,90.44000000,7265.72000000
1772623080000,90.49000000,90.55000000,90.46000000,90.51000000,11999.87000000
1772623140000,90.49000000,90.50000000,90.43000000,90.48000000,15943.56000000
1772623200000,90.49000000,90.59000000,90.49000000,90.53000000,5284.98000000
1772623260000,90.54000000,90.58000000,90.50000000,90.51000000,14348.00000000
1772623320000,90.49000000,90.51000000,90.38000000,90.41000000,4152.52000000
1772623380000,90.30000000,90.34000000,90.29000000,90.31000000,3770.63000000
1772623440000,90.29000000,90.31000000,90.26000000,90.29000000,5706.11000000
1772623500000,90.26000000,90.26000000,90.18000000,90.19000000,5600.97000000
1772623560000,90.19000000,90.20000000,90.17000000,90.18000000,2608.30000000
1772623620000,90.18000000,90.21000000,90.12000000,90.18000000,36546.09000000
1772623680000,90.05000000,90.05000000,89.98000000,89.99000000,9449.63000000
1772623740000,89.99000000,90.22000000,89.98000000,90.12000000,63250.55000000
1772623800000,90.10000000,90.15000000,90.08000000,90.12000000,12250.09000000
1772623860000,90.16000000,90.20000000,90.16000000,90.18000000,10651.15000000
1772623920000,90.17000000,90.20000000,90.15000000,90.15000000,3242.79000000
1772623980000,90.21000000,90.21000000,90.16000000,90.20000000,4507.49000000
1772624040000,90.16000000,90.16000000,89.97000000,89.97000000,23047.81000000
1772624100000,90.04000000,90.07000000,89.86000000,89.92000000,49214.14000000
1772624160000,89.67000000,89.69000000,89.52000000,89.53000000,52394.02000000
1772624220000,89.41000000,89.50000000,89.36000000,89.46000000,28079.61000000
1772624280000,89.45000000,89.59000000,89.45000000,89.51000000,15300.01000000
1772624340000,89.48000000,89.53000000,89.47000000,89.48000000,21133.12000000
1772624400000,89.58000000,89.76000000,89.58000000,89.64000000,35089.64000000
1772624460000,89.51000000,89.59000000,89.50000000,89.51000000,7546.77000000
1772624520000,89.58000000,89.69000000,89.58000000,89.68000000,12592.24000000
1772624580000,89.61000000,89.70000000,89.59000000,89.64000000,9535.62000000
1772624640000,89.71000000,89.75000000,89.67000000,89.67000000,9013.93000000
1772624700000,89.66000000,89.66000000,89.61000000,89.63000000,6559.97000000
1772624760000,89.63000000,89.74000000,89.62000000,89.67000000,7868.95000000
1772624820000,89.64000000,89.67000000,89.62000000,89.65000000,4597.09000000
1772624880000,89.71000000,89.73000000,89.66000000,89.68000000,5589.80000000
1772624940000,89.68000000,89.72000000,89.66000000,89.67000000,2295.24000000
1772625000000,89.65000000,89.66000000,89.57000000,89.63000000,44955.77000000
1772625060000,89.71000000,89.71000000,89.61000000,89.63000000,4281.09000000
1772625120000,89.77000000,89.77000000,89.66000000,89.70000000,6876.57000000
1772625180000,89.74000000,89.82000000,89.73000000,89.80000000,6585.81000000
1772625240000,89.85000000,89.85000000,89.78000000,89.79000000,4656.57000000
1772625300000,89.84000000,89.91000000,89.83000000,89.86000000,9595.95000000
1772625360000,89.83000000,89.84000000,89.78000000,89.78000000,1454.78000000
1772625420000,89.71000000,89.74000000,89.70000000,89.72000000,3754.11000000
1772625480000,89.76000000,89.79000000,89.72000000,89.75000000,3535.82000000
1772625540000,89.74000000,89.76000000,89.73000000,89.74000000,3522.86000000
1772625600000,89.74000000,89.80000000,89.71000000,89.76000000,7698.54000000
1772625660000,89.74000000,89.79000000,89.72000000,89.73000000,7695.83000000
1772625720000,89.79000000,89.83000000,89.78000000,89.79000000,4035.98000000
1772625780000,89.71000000,89.73000000,89.65000000,89.68000000,6016.00000000
1772625840000,89.79000000,89.80000000,89.71000000,89.72000000,6961.38000000
1772625900000,89.67000000,89.75000000,89.66000000,89.75000000,4628.50000000
1772625960000,89.71000000,89.79000000,89.70000000,89.78000000,3990.52000000
1772626020000,89.77000000,89.79000000,89.53000000,89.53000000,15229.32000000
1772626080000,89.55000000,89.61000000,89.52000000,89.58000000,14078.99000000
1772626140000,89.58000000,89.78000000,89.58000000,89.65000000,4937.15000000
1772626200000,89.55000000,89.67000000,89.54000000,89.66000000,4386.41000000
1772626260000,89.63000000,89.65000000,89.57000000,89.63000000,7841.90000000
1772626320000,89.64000000,89.67000000,89.61000000,89.67000000,3981.74000000
1772626380000,89.69000000,89.69000000,89.65000000,89.66000000,2091.32000000
1772626440000,89.61000000,89.65000000,89.61000000,89.63000000,2583.16000000
1772626500000,89.63000000,89.64000000,89.59000000,89.63000000,4891.01000000
1772626560000,89.62000000,89.62000000,89.54000000,89.57000000,7340.00000000
1772626620000,89.50000000,89.50000000,89.42000000,89.42000000,7377.45000000
1772626680000,89.32000000,89.37000000,89.26000000,89.29000000,12573.54000000
1772626740000,89.26000000,89.27000000,89.17000000,89.24000000,14702.41000000
1772626800000,89.30000000,89.31000000,89.22000000,89.26000000,12485.14000000
1772626860000,89.21000000,89.26000000,89.19000000,89.23000000,9387.53000000
1772626920000,89.25000000,89.28000000,89.21000000,89.24000000,5428.91000000
1772626980000,89.21000000,89.24000000,89.19000000,89.20000000,7550.58000000
1772627040000,89.08000000,89.11000000,89.04000000,89.07000000,16426.55000000
1772627100000,88.99000000,89.01000000,88.97000000,88.98000000,11394.88000000
1772627160000,88.98000000,89.05000000,88.95000000,89.01000000,16412.13000000
1772627220000,89.01000000,89.19000000,89.00000000,89.17000000,15813.10000000
1772627280000,89.04000000,89.05000000,88.88000000,88.89000000,21800.79000000
1772627340000,88.83000000,88.87000000,88.72000000,88.75000000,13384.79000000
1772627400000,88.76000000,88.80000000,88.71000000,88.79000000,14690.25000000
1772627460000,88.70000000,88.78000000,88.66000000,88.77000000,18707.25000000
1772627520000,88.84000000,88.86000000,88.78000000,88.85000000,6211.76000000
1772627580000,88.93000000,89.13000000,88.92000000,89.11000000,23212.07000000
1772627640000,89.06000000,89.07000000,89.03000000,89.04000000,4759.11000000
1772627700000,89.12000000,89.16000000,89.11000000,89.14000000,11500.77000000
1772627760000,89.01000000,89.02000000,88.87000000,88.88000000,6826.65000000
1772627820000,88.95000000,89.07000000,88.95000000,89.03000000,5417.36000000
1772627880000,89.08000000,89.22000000,89.07000000,89.22000000,15374.11000000
1772627940000,89.20000000,89.22000000,89.13000000,89.21000000,7516.01000000
1772628000000,89.26000000,89.28000000,89.19000000,89.27000000,10372.71000000
1772628060000,89.22000000,89.24000000,89.15000000,89.17000000,16616.55000000
1772628120000,89.23000000,89.28000000,89.12000000,89.15000000,14598.27000000
1772628180000,89.14000000,89.27000000,89.14000000,89.26000000,6778.62000000
1772628240000,89.20000000,89.20000000,89.14000000,89.16000000,10812.64000000
1772628300000,89.15000000,89.16000000,89.02000000,89.05000000,11004.56000000
1772628360000,89.05000000,89.06000000,88.93000000,88.95000000,22117.35000000
1772628420000,88.94000000,89.08000000,88.94000000,89.05000000,16816.72000000
1772628480000,89.05000000,89.09000000,88.95000000,88.97000000,13864.88000000
1772628540000,88.98000000,89.14000000,88.98000000,89.09000000,15612.51000000
1772628600000,89.14000000,89.20000000,89.06000000,89.12000000,23561.73000000
1772628660000,89.13000000,89.13000000,89.02000000,89.05000000,16003.05000000
1772628720000,89.07000000,89.11000000,89.05000000,89.07000000,8541.24000000
1772628780000,89.06000000,89.10000000,89.00000000,89.01000000,18086.36000000
1772628840000,89.03000000,89.06000000,88.97000000,89.05000000,8071.44000000
1772628900000,89.05000000,89.06000000,88.99000000,88.99000000,8019.66000000
1772628960000,89.00000000,89.18000000,88.99000000,89.17000000,16478.00000000
1772629020000,89.16000000,89.58000000,89.16000000,89.47000000,136931.19000000
1772629080000,89.46000000,89.49000000,89.34000000,89.49000000,55534.11000000
1772629140000,89.48000000,89.50000000,89.38000000,89.40000000,19037.74000000
1772629200000,89.39000000,89.40000000,89.26000000,89.30000000,24081.22000000
1772629260000,89.30000000,89.36000000,89.29000000,89.33000000,20034.85000000
1772629320000,89.55000000,89.60000000,89.32000000,89.41000000,33405.48000000
1772629380000,89.35000000,89.43000000,89.35000000,89.39000000,9404.60000000
1772629440000,89.39000000,89.55000000,89.39000000,89.47000000,20289.03000000
1772629500000,89.45000000,89.49000000,89.40000000,89.49000000,15252.50000000
1772629560000,89.49000000,89.83000000,89.48000000,89.80000000,64923.60000000
1772629620000,89.83000000,89.93000000,89.74000000,89.93000000,73199.75000000
1772629680000,89.92000000,90.14000000,89.89000000,90.08000000,70087.52000000
1772629740000,90.08000000,90.09000000,89.84000000,89.85000000,38534.40000000
1772629800000,89.88000000,89.96000000,89.82000000,89.82000000,28527.70000000
1772629860000,89.80000000,89.83000000,89.69000000,89.70000000,25542.25000000
1772629920000,89.71000000,89.78000000,89.65000000,89.66000000,18251.27000000
1772629980000,89.65000000,89.75000000,89.51000000,89.52000000,34282.45000000
1772630040000,89.57000000,89.65000000,89.57000000,89.60000000,15070.15000000
1772630100000,89.61000000,89.74000000,89.60000000,89.69000000,26271.76000000
1772630160000,89.65000000,89.70000000,89.54000000,89.55000000,8739.42000000
1772630220000,89.53000000,89.72000000,89.53000000,89.70000000,13358.58000000
1772630280000,89.73000000,89.75000000,89.64000000,89.74000000,11167.29000000
1772630340000,89.75000000,89.75000000,89.48000000,89.52000000,26446.37000000
1772630400000,89.56000000,89.68000000,89.55000000,89.62000000,14450.03000000
1772630460000,89.64000000,89.69000000,89.60000000,89.65000000,12443.86000000
1772630520000,89.65000000,89.65000000,89.49000000,89.49000000,6674.03000000
1772630580000,89.50000000,89.59000000,89.50000000,89.51000000,10964.91000000
1772630640000,89.50000000,89.57000000,89.49000000,89.55000000,9188.12000000
1772630700000,89.55000000,89.68000000,89.55000000,89.58000000,12149.89000000
1772630760000,89.60000000,89.62000000,89.53000000,89.59000000,5134.50000000
1772630820000,89.56000000,89.69000000,89.53000000,89.69000000,11051.44000000
1772630880000,89.69000000,89.78000000,89.63000000,89.68000000,12311.64000000
1772630940000,89.69000000,89.72000000,89.65000000,89.66000000,7142.00000000
1772631000000,89.64000000,89.66000000,89.56000000,89.57000000,9239.68000000
1772631060000,89.57000000,89.57000000,89.41000000,89.54000000,15905.18000000
1772631120000,89.50000000,89.62000000,89.50000000,89.58000000,12239.59000000
1772631180000,89.59000000,89.80000000,89.52000000,89.78000000,30106.03000000
1772631240000,89.74000000,89.80000000,89.70000000,89.78000000,30046.26000000
1772631300000,89.76000000,89.76000000,89.60000000,89.66000000,16101.61000000
1772631360000,89.73000000,89.86000000,89.68000000,89.82000000,16841.16000000
1772631420000,89.74000000,89.80000000,89.68000000,89.74000000,24747.42000000
1772631480000,89.74000000,89.89000000,89.74000000,89.86000000,17854.95000000
1772631540000,89.86000000,89.93000000,89.84000000,89.89000000,20556.88000000
1772631600000,89.91000000,89.92000000,89.81000000,89.81000000,11867.60000000
1772631660000,89.83000000,89.86000000,89.75000000,89.85000000,18915.51000000
1772631720000,89.85000000,89.86000000,89.75000000,89.76000000,21710.38000000
1772631780000,89.73000000,89.84000000,89.70000000,89.81000000,14558.38000000
1772631840000,89.84000000,89.84000000,89.68000000,89.73000000,11044.79000000
1772631900000,89.74000000,89.83000000,89.72000000,89.82000000,7745.63000000
1772631960000,89.83000000,89.83000000,89.73000000,89.76000000,14127.24000000
1772632020000,89.79000000,89.83000000,89.76000000,89.81000000,7836.14000000
1772632080000,89.78000000,89.79000000,89.67000000,89.71000000,8155.93000000
1772632140000,89.71000000,89.82000000,89.71000000,89.74000000,5597.28000000
1772632200000,89.75000000,89.78000000,89.71000000,89.72000000,6678.20000000
1772632260000,89.77000000,89.79000000,89.68000000,89.71000000,9338.70000000
1772632320000,89.72000000,89.84000000,89.72000000,89.77000000,8374.33000000
1772632380000,89.77000000,89.85000000,89.73000000,89.84000000,6222.72000000
1772632440000,89.87000000,89.93000000,89.83000000,89.84000000,18566.74000000
1772632500000,89.84000000,89.94000000,89.77000000,89.91000000,9166.38000000
1772632560000,89.90000000,90.04000000,89.90000000,89.97000000,42326.42000000
1772632620000,89.97000000,90.02000000,89.88000000,89.89000000,15244.29000000
1772632680000,89.96000000,90.00000000,89.90000000,89.93000000,8583.93000000
1772632740000,89.91000000,89.95000000,89.88000000,89.94000000,9303.05000000
1772632800000,89.93000000,89.97000000,89.87000000,89.95000000,13311.21000000
1772632860000,89.88000000,89.90000000,89.81000000,89.90000000,6639.41000000
1772632920000,89.94000000,90.10000000,89.92000000,89.97000000,22979.35000000
1772632980000,89.99000000,90.07000000,89.93000000,90.06000000,15922.17000000
1772633040000,90.01000000,90.03000000,89.94000000,89.99000000,9344.90000000
1772633100000,89.98000000,90.06000000,89.88000000,90.03000000,16306.09000000
1772633160000,90.02000000,90.04000000,89.93000000,90.02000000,10070.73000000
1772633220000,90.08000000,90.47000000,90.08000000,90.27000000,93789.50000000
1772633280000,90.29000000,90.29000000,89.92000000,89.93000000,36158.72000000
1772633340000,89.91000000,90.12000000,89.89000000,90.01000000,23189.26000000
1772633400000,90.01000000,90.15000000,89.99000000,90.08000000,22148.25000000
1772633460000,90.09000000,90.22000000,90.05000000,90.06000000,21283.35000000
1772633520000,90.07000000,90.08000000,90.01000000,90.02000000,9274.95000000
1772633580000,90.00000000,90.03000000,89.84000000,89.88000000,41094.18000000
1772633640000,89.90000000,90.12000000,89.89000000,90.07000000,24508.29000000
1772633700000,90.08000000,90.20000000,90.03000000,90.20000000,28211.59000000
1772633760000,90.21000000,90.39000000,90.21000000,90.38000000,31072.33000000
1772633820000,90.38000000,90.47000000,89.99000000,90.00000000,52869.44000000
1772633880000,90.03000000,90.22000000,89.92000000,90.16000000,35184.73000000
1772633940000,90.14000000,90.21000000,90.04000000,90.04000000,24208.20000000
1772634000000,90.05000000,90.08000000,89.89000000,89.97000000,25248.48000000
1772634060000,89.94000000,90.00000000,89.87000000,89.92000000,17262.87000000
1772634120000,89.90000000,89.99000000,89.89000000,89.97000000,34482.42000000
1772634180000,90.00000000,90.04000000,89.95000000,89.99000000,21661.33000000
1772634240000,89.86000000,89.93000000,89.78000000,89.81000000,14680.05000000
1772634300000,89.78000000,89.90000000,89.76000000,89.89000000,25116.16000000
1772634360000,89.88000000,89.92000000,89.82000000,89.88000000,9014.55000000
1772634420000,89.89000000,89.98000000,89.85000000,89.92000000,16290.57000000
1772634480000,89.91000000,90.13000000,89.89000000,90.12000000,29187.05000000
1772634540000,90.11000000,90.18000000,90.07000000,90.10000000,23703.29000000
1772634600000,90.11000000,90.50000000,89.98000000,90.48000000,75314.87000000
1772634660000,90.71000000,91.44000000,90.57000000,91.30000000,227483.57000000
1772634720000,91.11000000,91.72000000,91.08000000,91.34000000,220004.60000000
1772634780000,91.25000000,91.48000000,91.00000000,91.01000000,92126.22000000
1772634840000,91.11000000,91.47000000,91.04000000,91.40000000,95184.07000000
1772634900000,91.42000000,91.43000000,90.64000000,90.66000000,112230.76000000
1772634960000,90.59000000,90.71000000,89.87000000,89.99000000,141971.58000000
1772635020000,89.97000000,90.34000000,89.89000000,90.19000000,79262.54000000
1772635080000,90.24000000,90.55000000,90.20000000,90.42000000,47724.86000000
1772635140000,90.48000000,90.53000000,90.14000000,90.27000000,63007.81000000
1772635200000,90.35000000,90.43000000,90.11000000,90.40000000,48837.61000000
1772635260000,90.36000000,90.55000000,90.08000000,90.26000000,61853.95000000
1772635320000,90.19000000,90.31000000,89.85000000,89.97000000,59521.88000000
1772635380000,89.93000000,90.09000000,89.81000000,89.87000000,52616.53000000
1772635440000,89.72000000,89.83000000,89.61000000,89.63000000,105782.39000000
1772635500000,89.64000000,89.73000000,89.47000000,89.48000000,85912.79000000
1772635560000,89.46000000,89.98000000,89.46000000,89.90000000,90054.33000000
1772635620000,89.91000000,90.22000000,89.78000000,90.12000000,70646.24000000
1772635680000,90.04000000,90.23000000,89.97000000,90.02000000,40896.62000000
1772635740000,90.08000000,90.19000000,90.00000000,90.10000000,49747.73000000
1772635800000,90.12000000,90.15000000,89.91000000,89.93000000,57963.28000000
1772635860000,89.94000000,90.29000000,89.90000000,90.25000000,63617.88000000
1772635920000,90.23000000,90.34000000,90.09000000,90.25000000,45201.26000000
1772635980000,90.26000000,90.28000000,90.12000000,90.21000000,22946.05000000
1772636040000,90.21000000,90.29000000,90.12000000,90.21000000,24653.25000000
1772636100000,90.20000000,90.27000000,90.07000000,90.10000000,22266.89000000
1772636160000,90.06000000,90.39000000,90.05000000,90.35000000,24766.54000000
1772636220000,90.29000000,90.31000000,90.09000000,90.14000000,14887.46000000
1772636280000,90.05000000,90.05000000,89.94000000,90.04000000,27508.47000000
1772636340000,90.03000000,90.12000000,89.93000000,90.04000000,16935.33000000
1772636400000,90.12000000,90.88000000,90.09000000,90.44000000,169030.03000000
1772636460000,90.61000000,90.73000000,90.43000000,90.60000000,60344.43000000
1772636520000,90.60000000,90.86000000,90.53000000,90.56000000,50656.87000000
1772636580000,90.62000000,90.69000000,90.41000000,90.49000000,40986.69000000
1772636640000,90.47000000,90.60000000,90.18000000,90.43000000,84790.57000000
1772636700000,90.38000000,90.49000000,90.28000000,90.32000000,43616.31000000
1772636760000,90.37000000,90.48000000,90.25000000,90.46000000,22342.85000000
1772636820000,90.52000000,90.52000000,90.32000000,90.45000000,20639.16000000
1772636880000,90.48000000,90.85000000,90.48000000,90.83000000,40628.58000000
1772636940000,90.83000000,90.86000000,90.61000000,90.77000000,38408.45000000
1772637000000,90.75000000,90.93000000,90.72000000,90.85000000,60290.47000000
1772637060000,90.96000000,91.11000000,90.79000000,91.00000000,63185.55000000
1772637120000,91.05000000,91.06000000,90.83000000,90.90000000,22728.68000000
1772637180000,90.92000000,91.01000000,90.86000000,90.98000000,15759.53000000
1772637240000,90.94000000,90.95000000,90.53000000,90.63000000,37838.80000000
1772637300000,90.64000000,90.86000000,90.60000000,90.80000000,20794.38000000
1772637360000,90.85000000,91.03000000,90.85000000,91.02000000,23069.14000000
1772637420000,91.05000000,91.13000000,90.93000000,91.10000000,27512.44000000
1772637480000,91.10000000,91.23000000,91.00000000,91.08000000,50025.82000000
1772637540000,91.06000000,91.42000000,91.06000000,91.41000000,52598.99000000
1772637600000,91.50000000,91.80000000,91.42000000,91.74000000,134428.67000000
1772637660000,91.80000000,91.82000000,91.52000000,91.58000000,70684.55000000
1772637720000,91.50000000,91.69000000,91.50000000,91.57000000,37312.12000000
1772637780000,91.65000000,91.66000000,91.32000000,91.34000000,39771.63000000
1772637840000,91.36000000,91.45000000,91.26000000,91.41000000,47921.75000000
1772637900000,91.38000000,91.50000000,91.36000000,91.37000000,20209.18000000
1772637960000,91.36000000,91.96000000,91.28000000,91.89000000,125983.18000000
1772638020000,91.85000000,91.95000000,91.67000000,91.81000000,69068.84000000
1772638080000,91.79000000,91.93000000,91.77000000,91.88000000,36322.54000000
1772638140000,91.90000000,92.49000000,91.84000000,92.44000000,236374.64000000
1772638200000,92.58000000,92.76000000,91.98000000,92.01000000,157909.83000000
1772638260000,92.11000000,92.51000000,92.10000000,92.40000000,97896.38000000
1772638320000,92.33000000,92.36000000,91.95000000,91.95000000,70698.14000000
1772638380000,91.98000000,92.02000000,91.88000000,91.99000000,65528.02000000
1772638440000,92.01000000,92.12000000,91.94000000,92.09000000,43400.29000000
1772638500000,91.98000000,92.01000000,91.87000000,91.92000000,48378.68000000
1772638560000,91.92000000,92.01000000,91.84000000,91.95000000,38995.84000000
1772638620000,91.94000000,92.17000000,91.80000000,92.14000000,57530.76000000
1772638680000,92.17000000,92.33000000,91.83000000,91.88000000,33926.92000000
1772638740000,91.87000000,91.99000000,91.83000000,91.85000000,22909.17000000
1772638800000,91.88000000,92.12000000,91.87000000,92.07000000,19815.25000000
1772638860000,92.03000000,92.04000000,91.76000000,91.88000000,40843.87000000
1772638920000,91.94000000,92.10000000,91.86000000,91.99000000,29040.76000000
1772638980000,92.01000000,92.14000000,91.94000000,91.99000000,26871.69000000
1772639040000,91.99000000,92.02000000,91.89000000,91.98000000,17469.96000000
1772639100000,91.98000000,92.15000000,91.90000000,92.13000000,28849.96000000
1772639160000,92.08000000,92.32000000,92.02000000,92.14000000,105443.66000000
1772639220000,92.13000000,92.22000000,92.03000000,92.21000000,32412.93000000
1772639280000,92.20000000,92.22000000,92.11000000,92.21000000,19889.84000000
1772639340000,92.22000000,92.38000000,92.14000000,92.29000000,82893.56000000
1772639400000,92.29000000,92.34000000,92.23000000,92.33000000,2825.45000000
1772639460000,92.53000000,92.58000000,92.51000000,92.53000000,2769.95000000
1772639520000,92.48000000,92.51000000,92.44000000,92.44000000,6807.54000000
1772639580000,92.29000000,92.45000000,92.29000000,92.40000000,5960.73000000
1772639640000,92.43000000,92.55000000,92.42000000,92.51000000,8666.58000000
1772639700000,92.43000000,92.53000000,92.43000000,92.49000000,4488.80000000
1772639760000,92.40000000,92.42000000,92.34000000,92.40000000,3299.47000000
1772639820000,92.42000000,92.50000000,92.42000000,92.47000000,6607.62000000
1772639880000,92.64000000,92.96000000,92.63000000,92.84000000,51234.52000000
1772639940000,92.97000000,93.03000000,92.93000000,92.99000000,9162.65000000
1772640000000,92.89000000,92.89000000,92.81000000,92.84000000,5777.75000000
1772640060000,92.99000000,92.99000000,92.67000000,92.67000000,16327.04000000
1772640120000,92.76000000,92.78000000,92.71000000,92.76000000,9639.10000000
1772640180000,92.73000000,92.73000000,92.63000000,92.64000000,2458.00000000
1772640240000,92.68000000,92.77000000,92.67000000,92.73000000,6205.01000000
1772640300000,92.28000000,92.34000000,92.25000000,92.34000000,17043.54000000
1772640360000,92.35000000,92.40000000,92.31000000,92.31000000,11352.17000000
1772640420000,92.36000000,92.37000000,92.19000000,92.21000000,27366.52000000
1772640480000,92.12000000,92.15000000,92.03000000,92.06000000,10783.14000000
1772640540000,92.17000000,92.20000000,92.10000000,92.10000000,10293.48000000
1772640600000,91.92000000,91.97000000,91.87000000,91.87000000,8949.13000000
1772640660000,92.01000000,92.08000000,91.96000000,92.00000000,20011.83000000
1772640720000,91.69000000,91.70000000,91.61000000,91.66000000,7584.21000000
1772640780000,91.62000000,91.67000000,91.57000000,91.60000000,11127.79000000
1772640840000,91.63000000,91.64000000,91.56000000,91.62000000,8721.43000000
1772640900000,91.55000000,91.60000000,91.54000000,91.57000000,5033.05000000
1772640960000,91.60000000,91.67000000,91.59000000,91.65000000,4544.88000000
1772641020000,91.74000000,91.81000000,91.69000000,91.77000000,8245.11000000
1772641080000,91.68000000,91.73000000,91.48000000,91.52000000,17576.78000000
1772641140000,91.39000000,91.42000000,91.34000000,91.39000000,6565.76000000
1772641200000,91.42000000,91.44000000,91.39000000,91.44000000,2978.54000000
1772641260000,91.43000000,91.47000000,91.34000000,91.46000000,21065.53000000
1772641320000,90.91000000,91.00000000,90.91000000,90.93000000,15329.31000000
1772641380000,91.11000000,91.15000000,91.00000000,91.11000000,15687.76000000
1772641440000,91.17000000,91.20000000,91.14000000,91.14000000,5810.63000000
1772641500000,91.00000000,91.12000000,90.96000000,91.12000000,20400.40000000
1772641560000,91.22000000,91.33000000,91.20000000,91.32000000,3823.00000000
1772641620000,91.33000000,91.35000000,91.26000000,91.28000000,3565.38000000
1772641680000,91.63000000,91.64000000,91.57000000,91.61000000,12618.71000000
1772641740000,91.51000000,91.52000000,91.47000000,91.50000000,3818.10000000
1772641800000,91.49000000,91.49000000,91.39000000,91.42000000,3287.87000000
1772641860000,91.35000000,91.41000000,91.34000000,91.41000000,2349.14000000
1772641920000,91.53000000,91.54000000,91.43000000,91.46000000,6466.80000000
1772641980000,91.57000000,91.73000000,91.57000000,91.69000000,28398.99000000
1772642040000,91.74000000,91.80000000,91.71000000,91.73000000,9246.79000000
1772642100000,91.79000000,91.91000000,91.78000000,91.88000000,7813.55000000
1772642160000,91.62000000,91.67000000,91.61000000,91.64000000,2848.95000000
1772642220000,91.60000000,91.61000000,91.56000000,91.59000000,2037.79000000
1772642280000,91.57000000,91.59000000,91.51000000,91.54000000,1689.93000000
1772642340000,91.51000000,91.55000000,91.51000000,91.54000000,3176.24000000
1772642400000,91.54000000,91.59000000,91.54000000,91.59000000,1532.63000000
1772642460000,91.73000000,91.76000000,91.72000000,91.73000000,3442.88000000
1772642520000,91.71000000,91.71000000,91.67000000,91.70000000,578.64000000
1772642580000,91.66000000,91.68000000,91.63000000,91.65000000,2676.59000000
1772642640000,91.64000000,91.64000000,91.61000000,91.61000000,589.51000000
1772642700000,91.46000000,91.47000000,91.36000000,91.38000000,7169.15000000
1772642760000,91.47000000,91.49000000,91.43000000,91.48000000,1594.08000000
1772642820000,91.58000000,91.60000000,91.50000000,91.54000000,1728.67000000
1772642880000,91.57000000,91.58000000,91.56000000,91.57000000,983.61000000
1772642940000,91.64000000,91.66000000,91.63000000,91.66000000,771.46000000
1772643000000,91.62000000,91.63000000,91.58000000,91.58000000,1722.19000000
1772643060000,91.54000000,91.55000000,91.51000000,91.51000000,1148.89000000
1772643120000,91.57000000,91.60000000,91.57000000,91.58000000,471.44000000
1772643180000,91.53000000,91.61000000,91.53000000,91.61000000,8601.62000000
1772643240000,91.72000000,91.74000000,91.70000000,91.70000000,3202.73000000
1772643300000,91.71000000,91.74000000,91.67000000,91.74000000,10553.50000000
1772643360000,91.74000000,91.74000000,91.71000000,91.73000000,1373.17000000
1772643420000,91.63000000,91.69000000,91.58000000,91.67000000,2589.39000000
1772643480000,91.51000000,91.58000000,91.49000000,91.57000000,14088.51000000
1772643540000,91.61000000,91.62000000,91.56000000,91.58000000,1698.83000000
1772643600000,91.47000000,91.51000000,91.39000000,91.43000000,5074.86000000
1772643660000,91.42000000,91.43000000,91.39000000,91.42000000,5064.13000000
1772643720000,91.53000000,91.54000000,91.45000000,91.47000000,6425.42000000
1772643780000,91.55000000,91.63000000,91.53000000,91.63000000,2745.02000000
1772643840000,91.64000000,91.71000000,91.64000000,91.64000000,3982.49000000
1772643900000,91.69000000,91.71000000,91.60000000,91.69000000,4394.53000000
1772643960000,91.51000000,91.58000000,91.50000000,91.57000000,2637.76000000
1772644020000,91.63000000,91.69000000,91.62000000,91.69000000,1606.62000000
1772644080000,91.58000000,91.67000000,91.58000000,91.59000000,1687.90000000
1772644140000,91.61000000,91.64000000,91.55000000,91.60000000,2086.86000000
1772644200000,91.74000000,91.82000000,91.73000000,91.81000000,2274.30000000
1772644260000,91.87000000,91.87000000,91.83000000,91.83000000,7387.51000000
1772644320000,91.90000000,91.90000000,91.83000000,91.84000000,2739.83000000
1772644380000,91.91000000,92.15000000,91.90000000,92.12000000,68942.46000000
1772644440000,92.04000000,92.15000000,92.04000000,92.13000000,10846.13000000
1772644500000,91.97000000,91.98000000,91.95000000,91.97000000,4197.25000000
1772644560000,91.91000000,91.93000000,91.87000000,91.91000000,2890.62000000
1772644620000,92.09000000,92.09000000,92.04000000,92.09000000,4685.38000000
1772644680000,91.63000000,91.68000000,91.58000000,91.58000000,12307.99000000
1772644740000,91.59000000,91.59000000,91.37000000,91.46000000,21601.78000000
1772644800000,91.33000000,91.34000000,91.24000000,91.34000000,17078.03000000
1772644860000,91.14000000,91.23000000,91.14000000,91.19000000,7512.79000000
1772644920000,91.02000000,91.06000000,90.95000000,91.01000000,23493.23000000
1772644980000,91.11000000,91.15000000,91.09000000,91.10000000,2331.39000000
1772645040000,90.77000000,90.91000000,90.77000000,90.86000000,11099.08000000
1772645100000,90.89000000,90.95000000,90.86000000,90.95000000,7139.99000000
1772645160000,91.05000000,91.05000000,91.02000000,91.03000000,3828.94000000
1772645220000,91.04000000,91.05000000,91.01000000,91.03000000,2296.52000000
1772645280000,91.00000000,91.08000000,91.00000000,91.08000000,2734.64000000
1772645340000,91.11000000,91.13000000,91.04000000,91.11000000,4695.00000000
1772645400000,91.08000000,91.15000000,91.08000000,91.15000000,2977.95000000
1772645460000,91.14000000,91.22000000,91.14000000,91.19000000,3062.95000000
1772645520000,91.26000000,91.32000000,91.24000000,91.30000000,4606.92000000
1772645580000,91.31000000,91.33000000,91.29000000,91.31000000,1074.61000000
1772645640000,91.42000000,91.47000000,91.41000000,91.46000000,3129.63000000
1772645700000,91.37000000,91.47000000,91.34000000,91.47000000,3185.43000000
1772645760000,91.38000000,91.40000000,91.34000000,91.36000000,3581.93000000
1772645820000,91.49000000,91.51000000,91.39000000,91.41000000,2753.46000000
1772645880000,91.42000000,91.47000000,91.39000000,91.47000000,2213.06000000
1772645940000,91.44000000,91.47000000,91.43000000,91.46000000,1859.49000000
1772646000000,91.41000000,91.44000000,91.40000000,91.42000000,1281.07000000
1772646060000,91.37000000,91.42000000,91.36000000,91.38000000,1656.96000000
1772646120000,91.43000000,91.46000000,91.42000000,91.42000000,1675.27000000
1772646180000,91.49000000,91.54000000,91.45000000,91.46000000,1668.19000000
1772646240000,91.38000000,91.41000000,91.37000000,91.40000000,1248.92000000
1772646300000,91.40000000,91.45000000,91.38000000,91.42000000,1451.15000000
1772646360000,91.52000000,91.52000000,91.48000000,91.50000000,2959.30000000
1772646420000,91.37000000,91.49000000,91.37000000,91.46000000,1337.24000000
1772646480000,91.48000000,91.52000000,91.47000000,91.50000000,3091.67000000
1772646540000,91.65000000,91.67000000,91.62000000,91.63000000,6285.91000000
1772646600000,91.64000000,91.66000000,91.60000000,91.65000000,1017.67000000
1772646660000,91.77000000,91.83000000,91.77000000,91.81000000,6257.47000000
1772646720000,91.70000000,91.70000000,91.61000000,91.62000000,2105.71000000
1772646780000,91.51000000,91.60000000,91.48000000,91.59000000,2395.36000000
1772646840000,91.63000000,91.73000000,91.63000000,91.71000000,1079.03000000
1772646900000,91.66000000,91.74000000,91.66000000,91.73000000,13714.67000000
1772646960000,91.64000000,91.65000000,91.57000000,91.61000000,2395.71000000
1772647020000,91.55000000,91.57000000,91.55000000,91.55000000,1009.40000000
1772647080000,91.47000000,91.49000000,91.46000000,91.48000000,202.08000000
1772647140000,91.55000000,91.55000000,91.52000000,91.53000000,598.11000000
1772647200000,91.49000000,91.50000000,91.48000000,91.50000000,1085.90000000
1772647260000,91.46000000,91.48000000,91.46000000,91.48000000,1893.12000000
1772647320000,91.49000000,91.49000000,91.42000000,91.42000000,2193.62000000
1772647380000,91.54000000,91.57000000,91.51000000,91.51000000,856.87000000
1772647440000,91.43000000,91.45000000,91.43000000,91.44000000,368.46000000
1772647500000,91.54000000,91.58000000,91.52000000,91.52000000,1063.55000000
1772647560000,91.61000000,91.65000000,91.61000000,91.65000000,363.97000000
1772647620000,91.58000000,91.62000000,91.58000000,91.60000000,2214.28000000
1772647680000,91.73000000,91.75000000,91.67000000,91.68000000,1422.69000000
1772647740000,91.78000000,91.78000000,91.76000000,91.77000000,564.12000000
1772647800000,91.63000000,91.65000000,91.58000000,91.58000000,2535.07000000
1772647860000,91.18000000,91.19000000,91.09000000,91.10000000,15675.95000000
1772647920000,91.28000000,91.31000000,91.22000000,91.23000000,3970.49000000
1772647980000,91.46000000,91.49000000,91.44000000,91.45000000,2536.21000000
1772648040000,91.43000000,91.49000000,91.42000000,91.48000000,1609.42000000
1772648100000,91.41000000,91.43000000,91.41000000,91.42000000,606.68000000
1772648160000,91.51000000,91.60000000,91.49000000,91.59000000,3306.09000000
1772648220000,91.51000000,91.54000000,91.50000000,91.53000000,731.89000000
1772648280000,91.59000000,91.59000000,91.57000000,91.57000000,568.26000000
1772648340000,91.62000000,91.68000000,91.60000000,91.67000000,3906.11000000
1772648400000,91.76000000,91.86000000,91.76000000,91.85000000,4495.31000000
1772648460000,91.78000000,91.81000000,91.76000000,91.81000000,4889.97000000
1772648520000,91.82000000,91.87000000,91.82000000,91.87000000,633.53000000
1772648580000,91.87000000,91.87000000,91.85000000,91.85000000,605.46000000
1772648640000,91.84000000,91.87000000,91.84000000,91.84000000,968.35000000
1772648700000,91.79000000,91.86000000,91.79000000,91.83000000,3505.73000000
1772648760000,91.77000000,91.79000000,91.76000000,91.77000000,608.22000000
1772648820000,91.83000000,91.86000000,91.81000000,91.82000000,526.88000000
1772648880000,91.98000000,91.98000000,91.94000000,91.95000000,737.41000000
1772648940000,91.94000000,91.95000000,91.94000000,91.95000000,1702.54000000
1772649000000,91.90000000,91.94000000,91.88000000,91.94000000,1372.69000000
1772649060000,91.81000000,91.81000000,91.71000000,91.75000000,5018.33000000
1772649120000,91.82000000,91.83000000,91.73000000,91.77000000,5022.00000000
1772649180000,91.77000000,91.77000000,91.76000000,91.77000000,119.33000000
1772649240000,91.77000000,91.78000000,91.75000000,91.75000000,655.61000000
1772649300000,91.74000000,91.78000000,91.74000000,91.76000000,944.59000000
1772649360000,91.65000000,91.68000000,91.64000000,91.67000000,1176.35000000
1772649420000,91.74000000,91.75000000,91.67000000,91.67000000,2075.28000000
1772649480000,91.68000000,91.69000000,91.66000000,91.67000000,1129.27000000
1772649540000,91.65000000,91.69000000,91.64000000,91.65000000,1252.61000000
1772649600000,91.71000000,91.77000000,91.71000000,91.76000000,1623.87000000
1772649660000,91.81000000,91.81000000,91.77000000,91.78000000,470.89000000
1772649720000,91.93000000,91.94000000,91.91000000,91.92000000,1120.73000000
1772649780000,91.94000000,91.95000000,91.91000000,91.95000000,1775.45000000
1772649840000,91.98000000,91.98000000,91.96000000,91.96000000,398.24000000
1772649900000,91.99000000,92.27000000,91.96000000,92.18000000,53771.34000000
1772649960000,92.17000000,92.18000000,91.98000000,92.02000000,24901.40000000
1772650020000,92.02000000,92.06000000,91.96000000,92.00000000,10418.28000000
1772650080000,91.99000000,92.01000000,91.92000000,91.98000000,9349.18000000
1772650140000,91.98000000,92.10000000,91.98000000,92.10000000,4396.57000000
1772650200000,92.16000000,92.18000000,92.14000000,92.17000000,3590.03000000
1772650260000,92.25000000,92.25000000,92.18000000,92.21000000,5594.82000000
1772650320000,92.19000000,92.23000000,92.17000000,92.20000000,3173.48000000
1772650380000,92.22000000,92.40000000,92.22000000,92.40000000,21930.43000000
1772650440000,92.28000000,92.28000000,92.13000000,92.17000000,13547.48000000
1772650500000,92.23000000,92.24000000,92.15000000,92.15000000,2814.41000000
1772650560000,92.13000000,92.22000000,92.13000000,92.19000000,3951.93000000
1772650620000,92.19000000,92.20000000,92.11000000,92.16000000,4446.01000000
1772650680000,92.21000000,92.21000000,92.11000000,92.15000000,8442.43000000
1772650740000,92.16000000,92.24000000,92.14000000,92.24000000,2912.24000000
1772650800000,92.33000000,92.36000000,92.28000000,92.33000000,7536.95000000
1772650860000,92.28000000,92.40000000,92.27000000,92.38000000,8269.06000000
1772650920000,92.40000000,92.40000000,92.26000000,92.31000000,14388.93000000
1772650980000,92.34000000,92.62000000,92.33000000,92.51000000,60110.96000000
1772651040000,92.34000000,92.38000000,92.28000000,92.34000000,26567.42000000
1772651100000,92.40000000,92.68000000,92.33000000,92.64000000,22494.32000000
1772651160000,92.47000000,92.60000000,92.44000000,92.47000000,18657.67000000
1772651220000,92.41000000,92.42000000,92.24000000,92.28000000,9311.53000000
1772651280000,92.38000000,92.41000000,92.34000000,92.40000000,12841.83000000
1772651340000,92.40000000,92.48000000,92.38000000,92.47000000,9962.89000000
1772651400000,92.29000000,92.36000000,92.28000000,92.35000000,3949.79000000
1772651460000,92.42000000,92.43000000,92.35000000,92.35000000,2104.59000000
1772651520000,92.57000000,92.66000000,92.48000000,92.61000000,24178.83000000
1772651580000,92.77000000,92.88000000,92.73000000,92.83000000,31364.94000000
1772651640000,92.81000000,92.86000000,92.76000000,92.79000000,16953.96000000
1772651700000,92.81000000,92.83000000,92.69000000,92.71000000,10403.94000000
1772651760000,92.77000000,92.84000000,92.72000000,92.83000000,12063.27000000
1772651820000,92.84000000,92.86000000,92.67000000,92.72000000,15766.23000000
1772651880000,92.71000000,92.71000000,92.65000000,92.71000000,6873.30000000
1772651940000,92.79000000,92.99000000,92.79000000,92.93000000,35712.04000000
1772652000000,93.22000000,93.28000000,93.09000000,93.23000000,47251.96000000
1772652060000,93.32000000,93.34000000,93.04000000,93.12000000,33228.30000000
1772652120000,92.88000000,92.96000000,92.83000000,92.91000000,14063.81000000
1772652180000,92.91000000,92.92000000,92.87000000,92.87000000,5141.82000000
1772652240000,92.74000000,92.87000000,92.73000000,92.81000000,11033.80000000
1772652300000,92.64000000,92.66000000,92.59000000,92.66000000,9778.76000000
1772652360000,92.59000000,92.63000000,92.53000000,92.56000000,13714.06000000
1772652420000,92.52000000,92.59000000,92.51000000,92.59000000,7696.15000000
1772652480000,92.58000000,92.63000000,92.57000000,92.59000000,6024.00000000
1772652540000,92.56000000,92.65000000,92.55000000,92.62000000,6359.16000000
1772652600000,92.58000000,92.67000000,92.53000000,92.65000000,7032.99000000
1772652660000,92.61000000,92.63000000,92.52000000,92.55000000,7049.69000000
1772652720000,92.64000000,92.76000000,92.63000000,92.70000000,10918.70000000
1772652780000,92.59000000,92.69000000,92.56000000,92.57000000,5783.74000000
1772652840000,92.59000000,92.60000000,92.55000000,92.56000000,3522.25000000
1772652900000,92.53000000,92.57000000,92.47000000,92.56000000,7475.75000000
1772652960000,92.75000000,92.90000000,92.70000000,92.89000000,15536.46000000
1772653020000,92.76000000,92.84000000,92.74000000,92.79000000,9815.46000000
1772653080000,92.77000000,92.87000000,92.77000000,92.87000000,4917.36000000
1772653140000,92.89000000,93.18000000,92.89000000,93.16000000,66350.53000000
1772653200000,93.15000000,93.26000000,93.15000000,93.23000000,19731.60000000
1772653260000,93.29000000,93.39000000,93.27000000,93.32000000,27757.81000000
1772653320000,93.25000000,93.37000000,93.23000000,93.34000000,19452.13000000
1772653380000,93.88000000,94.04000000,93.73000000,93.97000000,152928.49000000
1772653440000,93.72000000,93.84000000,93.72000000,93.78000000,12933.84000000
1772653500000,93.77000000,93.78000000,93.66000000,93.68000000,9233.57000000
1772653560000,93.68000000,93.69000000,93.57000000,93.60000000,11034.58000000
1772653620000,93.64000000,93.69000000,93.58000000,93.69000000,8125.03000000
1772653680000,93.65000000,93.71000000,93.62000000,93.70000000,14514.38000000
1772653740000,93.61000000,93.66000000,93.54000000,93.54000000,4983.59000000
1772653800000,93.55000000,93.56000000,93.53000000,93.53000000,5503.99000000
1772653860000,93.46000000,93.47000000,93.32000000,93.36000000,17624.06000000
1772653920000,93.28000000,93.39000000,93.25000000,93.39000000,9875.73000000
1772653980000,93.42000000,93.49000000,93.42000000,93.49000000,7639.24000000
1772654040000,93.47000000,93.52000000,93.45000000,93.51000000,4831.96000000
1772654100000,93.52000000,93.57000000,93.49000000,93.55000000,7630.06000000
1772654160000,93.43000000,93.46000000,93.33000000,93.38000000,6952.90000000
1772654220000,93.36000000,93.37000000,93.30000000,93.31000000,4219.95000000
1772654280000,93.29000000,93.29000000,93.19000000,93.22000000,9137.48000000
1772654340000,93.19000000,93.22000000,93.13000000,93.15000000,8147.32000000
1772654400000,93.13000000,93.27000000,93.13000000,93.18000000,10070.54000000
1772654460000,93.19000000,93.38000000,93.18000000,93.34000000,17161.27000000
1772654520000,93.34000000,93.34000000,93.28000000,93.31000000,6304.86000000
1772654580000,93.22000000,93.26000000,93.19000000,93.20000000,5279.33000000
1772654640000,93.24000000,93.30000000,93.21000000,93.30000000,4186.07000000
1772654700000,93.31000000,93.41000000,93.31000000,93.33000000,9667.63000000
1772654760000,93.21000000,93.33000000,93.21000000,93.27000000,5525.21000000
1772654820000,93.23000000,93.30000000,93.22000000,93.28000000,9282.96000000
1772654880000,93.15000000,93.20000000,92.97000000,93.03000000,30556.12000000
1772654940000,92.87000000,92.90000000,92.81000000,92.84000000,10706.69000000
1772655000000,92.86000000,92.90000000,92.81000000,92.87000000,16161.01000000
1772655060000,92.86000000,92.96000000,92.86000000,92.94000000,3604.49000000
1772655120000,92.89000000,92.98000000,92.88000000,92.92000000,4829.32000000
1772655180000,93.03000000,93.07000000,92.97000000,93.00000000,9004.01000000
1772655240000,93.05000000,93.06000000,93.03000000,93.03000000,11285.55000000
1772655300000,93.01000000,93.06000000,93.00000000,93.06000000,2379.99000000
1772655360000,93.12000000,93.14000000,93.07000000,93.11000000,14362.78000000
1772655420000,93.39000000,93.58000000,93.33000000,93.50000000,38946.15000000
1772655480000,93.46000000,93.46000000,93.29000000,93.29000000,6643.67000000
1772655540000,93.22000000,93.31000000,93.22000000,93.28000000,6456.98000000
1772655600000,93.18000000,93.28000000,93.17000000,93.27000000,4537.22000000
1772655660000,93.38000000,93.38000000,93.25000000,93.27000000,6048.37000000
1772655720000,93.11000000,93.21000000,93.11000000,93.13000000,5954.55000000
1772655780000,93.26000000,93.30000000,93.20000000,93.23000000,4637.85000000
1772655840000,93.23000000,93.31000000,93.20000000,93.30000000,5432.45000000
1772655900000,93.31000000,93.38000000,93.25000000,93.35000000,13558.47000000
1772655960000,93.39000000,93.46000000,93.39000000,93.46000000,6027.68000000
1772656020000,93.53000000,93.54000000,93.45000000,93.47000000,5737.55000000
1772656080000,93.47000000,93.55000000,93.46000000,93.55000000,5044.19000000
1772656140000,93.47000000,93.50000000,93.43000000,93.46000000,6860.28000000
1772656200000,93.46000000,93.46000000,93.36000000,93.39000000,7375.42000000
1772656260000,93.37000000,93.38000000,93.30000000,93.31000000,6183.30000000
1772656320000,93.24000000,93.25000000,93.08000000,93.18000000,10624.43000000
1772656380000,93.21000000,93.25000000,93.18000000,93.20000000,4334.93000000
1772656440000,93.19000000,93.38000000,93.16000000,93.33000000,11320.54000000
1772656500000,93.35000000,93.45000000,93.33000000,93.44000000,5081.33000000
1772656560000,93.41000000,93.46000000,93.37000000,93.45000000,7306.49000000
1772656620000,93.57000000,93.57000000,93.35000000,93.36000000,11727.19000000
1772656680000,93.34000000,93.46000000,93.34000000,93.41000000,4741.42000000
1772656740000,93.39000000,93.45000000,93.39000000,93.42000000,8233.49000000
1772656800000,93.46000000,93.64000000,93.44000000,93.54000000,15883.55000000
1772656860000,93.56000000,93.72000000,93.55000000,93.65000000,12546.34000000
1772656920000,93.68000000,93.73000000,93.56000000,93.57000000,10792.02000000
1772656980000,93.67000000,93.67000000,93.58000000,93.58000000,6600.57000000
1772657040000,93.62000000,93.66000000,93.62000000,93.64000000,4445.45000000
1772657100000,93.62000000,93.64000000,93.56000000,93.58000000,3293.54000000
1772657160000,93.61000000,93.62000000,93.44000000,93.54000000,32686.52000000
1772657220000,93.58000000,93.67000000,93.55000000,93.55000000,4693.26000000
1772657280000,93.47000000,93.53000000,93.44000000,93.45000000,6588.17000000
1772657340000,93.45000000,93.52000000,93.45000000,93.52000000,5994.37000000
1772657400000,93.48000000,93.48000000,93.21000000,93.28000000,17536.89000000
1772657460000,93.29000000,93.29000000,93.11000000,93.24000000,24155.76000000
1772657520000,93.28000000,93.28000000,93.08000000,93.12000000,14085.93000000
1772657580000,93.12000000,93.12000000,93.00000000,93.07000000,16138.17000000
1772657640000,92.96000000,93.07000000,92.95000000,92.98000000,10206.53000000
1772657700000,93.05000000,93.08000000,93.01000000,93.03000000,7865.14000000
1772657760000,93.09000000,93.10000000,93.03000000,93.09000000,9802.24000000
1772657820000,93.02000000,93.07000000,92.99000000,93.06000000,6819.57000000
1772657880000,92.94000000,92.98000000,92.90000000,92.90000000,14588.67000000
1772657940000,92.86000000,93.02000000,92.64000000,92.99000000,105766.34000000
1772658000000,92.81000000,92.85000000,92.77000000,92.78000000,28066.24000000
1772658060000,92.80000000,92.83000000,92.69000000,92.71000000,29923.31000000
1772658120000,92.58000000,92.66000000,92.58000000,92.65000000,22051.07000000
1772658180000,92.63000000,92.72000000,92.58000000,92.68000000,10539.69000000
1772658240000,92.60000000,92.64000000,92.58000000,92.61000000,9031.88000000
1772658300000,92.61000000,92.66000000,92.60000000,92.60000000,6627.79000000
1772658360000,92.64000000,92.71000000,92.64000000,92.68000000,9493.36000000
1772658420000,92.74000000,92.78000000,92.66000000,92.68000000,8998.94000000
1772658480000,92.67000000,92.73000000,92.64000000,92.65000000,7577.38000000
1772658540000,92.62000000,92.67000000,92.62000000,92.67000000,3013.83000000
1772658600000,92.62000000,92.66000000,92.60000000,92.64000000,9108.26000000
1772658660000,92.59000000,92.60000000,92.50000000,92.52000000,29866.93000000
1772658720000,92.43000000,92.50000000,92.43000000,92.46000000,22557.80000000
1772658780000,92.52000000,92.54000000,92.45000000,92.52000000,17653.03000000
1772658840000,92.55000000,92.56000000,92.47000000,92.53000000,25656.03000000
1772658900000,92.53000000,92.56000000,92.46000000,92.52000000,21886.35000000
1772658960000,92.54000000,92.54000000,92.45000000,92.51000000,11749.17000000
1772659020000,92.54000000,92.54000000,92.47000000,92.52000000,8811.37000000
1772659080000,92.48000000,92.48000000,92.33000000,92.46000000,16906.61000000
1772659140000,92.38000000,92.41000000,92.36000000,92.36000000,3657.27000000
1772659200000,92.43000000,92.43000000,92.36000000,92.38000000,5980.92000000
1772659260000,92.39000000,92.52000000,92.39000000,92.51000000,7869.75000000
1772659320000,92.51000000,92.56000000,92.48000000,92.53000000,15229.45000000
1772659380000,92.53000000,92.53000000,92.45000000,92.46000000,3302.61000000
1772659440000,92.47000000,92.49000000,92.43000000,92.45000000,3271.74000000
1772659500000,92.48000000,92.55000000,92.48000000,92.54000000,2948.83000000
1772659560000,92.59000000,92.64000000,92.55000000,92.57000000,6157.66000000
1772659620000,92.61000000,92.68000000,92.61000000,92.66000000,12743.72000000
1772659680000,92.64000000,92.67000000,92.63000000,92.67000000,2255.48000000
1772659740000,92.65000000,92.65000000,92.61000000,92.63000000,1356.19000000
1772659800000,92.53000000,92.54000000,92.36000000,92.41000000,7652.85000000
1772659860000,92.46000000,92.49000000,92.46000000,92.47000000,2685.72000000
1772659920000,92.43000000,92.51000000,92.43000000,92.46000000,2489.06000000
1772659980000,92.42000000,92.45000000,92.41000000,92.41000000,2231.85000000
1772660040000,92.41000000,92.42000000,92.38000000,92.39000000,2478.62000000
1772660100000,92.34000000,92.37000000,92.27000000,92.28000000,14158.62000000
1772660160000,92.31000000,92.43000000,92.30000000,92.43000000,4192.06000000
1772660220000,92.44000000,92.46000000,92.40000000,92.42000000,4176.45000000
1772660280000,92.46000000,92.54000000,92.45000000,92.54000000,6099.29000000
1772660340000,92.58000000,92.58000000,92.48000000,92.50000000,3474.75000000
1772660400000,92.53000000,92.53000000,92.43000000,92.43000000,2435.99000000
1772660460000,92.31000000,92.33000000,92.28000000,92.30000000,5278.59000000
1772660520000,92.33000000,92.38000000,92.33000000,92.33000000,2408.33000000
1772660580000,92.36000000,92.36000000,92.35000000,92.36000000,561.18000000
1772660640000,92.36000000,92.36000000,92.28000000,92.29000000,1436.68000000
1772660700000,92.27000000,92.45000000,92.27000000,92.39000000,10343.49000000
1772660760000,92.38000000,92.38000000,92.36000000,92.36000000,667.40000000
1772660820000,92.38000000,92.39000000,92.38000000,92.39000000,1217.23000000
1772660880000,92.44000000,92.52000000,92.39000000,92.41000000,13627.61000000
1772660940000,92.42000000,92.47000000,92.37000000,92.37000000,3568.51000000
1772661000000,92.38000000,92.41000000,92.37000000,92.40000000,2636.67000000
1772661060000,92.40000000,92.45000000,92.39000000,92.40000000,1724.43000000
1772661120000,92.40000000,92.44000000,92.39000000,92.44000000,855.18000000
1772661180000,92.52000000,92.53000000,92.50000000,92.52000000,1084.61000000
1772661240000,92.47000000,92.48000000,92.47000000,92.47000000,106.41000000
1772661300000,92.26000000,92.27000000,92.21000000,92.24000000,6682.28000000
1772661360000,92.12000000,92.13000000,92.11000000,92.13000000,847.78000000
1772661420000,92.16000000,92.16000000,92.14000000,92.15000000,277.63000000
1772661480000,92.22000000,92.25000000,92.22000000,92.25000000,1205.84000000
1772661540000,92.27000000,92.28000000,92.26000000,92.27000000,70.58000000
1772661600000,92.30000000,92.33000000,92.30000000,92.33000000,571.79000000
1772661660000,92.40000000,92.49000000,92.39000000,92.49000000,2108.48000000
1772661720000,92.58000000,92.61000000,92.58000000,92.61000000,1319.17000000
1772661780000,92.75000000,92.75000000,92.67000000,92.68000000,4185.73000000
1772661840000,92.50000000,92.57000000,92.50000000,92.57000000,1118.26000000
1772661900000,92.64000000,92.65000000,92.62000000,92.63000000,1147.78000000
1772661960000,92.56000000,92.58000000,92.55000000,92.56000000,2102.60000000
1772662020000,92.58000000,92.58000000,92.57000000,92.57000000,99.83000000
1772662080000,92.67000000,92.69000000,92.65000000,92.67000000,2185.24000000
1772662140000,92.60000000,92.61000000,92.58000000,92.61000000,2641.86000000
1772662200000,92.65000000,92.65000000,92.64000000,92.64000000,16.47000000
1772662260000,92.66000000,92.66000000,92.58000000,92.60000000,1852.26000000
1772662320000,92.55000000,92.56000000,92.55000000,92.55000000,846.38000000
1772662380000,92.61000000,92.61000000,92.58000000,92.59000000,474.05000000
1772662440000,92.51000000,92.53000000,92.50000000,92.51000000,1461.79000000
1772662500000,92.41000000,92.44000000,92.40000000,92.44000000,1315.17000000
1772662560000,92.40000000,92.42000000,92.38000000,92.42000000,344.78000000
1772662620000,92.43000000,92.48000000,92.43000000,92.47000000,1157.06000000
1772662680000,92.45000000,92.47000000,92.35000000,92.36000000,7928.06000000
1772662740000,92.36000000,92.37000000,92.35000000,92.36000000,328.88000000
1772662800000,92.35000000,92.38000000,92.35000000,92.38000000,643.15000000
1772662860000,92.36000000,92.41000000,92.36000000,92.38000000,1170.73000000
1772662920000,92.43000000,92.45000000,92.43000000,92.43000000,189.62000000
1772662980000,92.50000000,92.52000000,92.50000000,92.52000000,103.59000000
1772663040000,92.49000000,92.49000000,92.42000000,92.43000000,372.10000000
1772663100000,92.37000000,92.37000000,92.36000000,92.37000000,21.72000000
1772663160000,92.37000000,92.37000000,92.36000000,92.37000000,17.96000000
1772663220000,92.25000000,92.32000000,92.22000000,92.31000000,9307.23000000
1772663280000,92.31000000,92.33000000,92.29000000,92.31000000,3598.52000000
1772663340000,92.32000000,92.32000000,92.31000000,92.32000000,53.64000000
1772663400000,92.10000000,92.10000000,92.06000000,92.08000000,1131.76000000
1772663460000,92.00000000,92.01000000,92.00000000,92.00000000,392.23000000
1772663520000,91.98000000,92.00000000,91.98000000,91.99000000,676.79000000
1772663580000,91.96000000,91.97000000,91.96000000,91.96000000,41.27000000
1772663640000,91.98000000,91.99000000,91.98000000,91.98000000,554.99000000
1772663700000,91.92000000,91.93000000,91.82000000,91.82000000,4715.65000000
1772663760000,91.77000000,91.77000000,91.77000000,91.77000000,1035.13000000
1772663820000,91.76000000,91.77000000,91.76000000,91.76000000,1102.51000000
1772663880000,91.75000000,91.75000000,91.72000000,91.73000000,1561.51000000
1772663940000,91.71000000,91.71000000,91.66000000,91.66000000,2153.66000000
1772664000000,91.75000000,91.77000000,91.73000000,91.76000000,1755.70000000
1772664060000,91.62000000,91.63000000,91.59000000,91.61000000,2413.09000000
1772664120000,91.57000000,91.58000000,91.57000000,91.57000000,55.19000000
1772664180000,91.51000000,91.52000000,91.41000000,91.47000000,10198.79000000
1772664240000,91.46000000,91.51000000,91.46000000,91.51000000,693.01000000
1772664300000,91.52000000,91.53000000,91.49000000,91.49000000,740.56000000
1772664360000,91.44000000,91.44000000,91.43000000,91.44000000,6.82000000
1772664420000,91.48000000,91.49000000,91.45000000,91.45000000,1727.32000000
1772664480000,91.48000000,91.49000000,91.48000000,91.48000000,556.58000000
1772664540000,91.45000000,91.46000000,91.45000000,91.45000000,45.86000000
1772664600000,91.50000000,91.52000000,91.49000000,91.51000000,154.82000000
1772664660000,91.50000000,91.51000000,91.50000000,91.50000000,103.23000000
1772664720000,91.41000000,91.41000000,91.37000000,91.39000000,1022.83000000
1772664780000,91.37000000,91.37000000,91.34000000,91.34000000,156.44000000
1772664840000,91.29000000,91.31000000,91.27000000,91.30000000,3092.18000000
1772664900000,91.25000000,91.25000000,91.23000000,91.23000000,230.04000000
1772664960000,91.20000000,91.22000000,91.16000000,91.17000000,3738.66000000
1772665020000,91.17000000,91.18000000,91.17000000,91.17000000,7.72000000
1772665080000,91.21000000,91.25000000,91.21000000,91.24000000,561.57000000
1772665140000,91.40000000,91.41000000,91.35000000,91.36000000,1546.52000000
1772665200000,91.28000000,91.31000000,91.24000000,91.31000000,2636.13000000
1772665260000,91.28000000,91.29000000,91.09000000,91.19000000,16955.19000000
1772665320000,91.19000000,91.20000000,91.14000000,91.19000000,1659.23000000
1772665380000,91.25000000,91.25000000,91.24000000,91.24000000,52.69000000
1772665440000,91.31000000,91.34000000,91.30000000,91.30000000,2483.88000000
1772665500000,91.19000000,91.22000000,91.19000000,91.20000000,578.61000000
1772665560000,91.32000000,91.32000000,91.28000000,91.29000000,340.23000000
1772665620000,91.23000000,91.24000000,91.23000000,91.24000000,367.45000000
1772665680000,91.20000000,91.22000000,91.20000000,91.22000000,217.54000000
1772665740000,91.22000000,91.23000000,91.20000000,91.22000000,819.77000000
1772665800000,91.16000000,91.23000000,91.16000000,91.19000000,7244.10000000
1772665860000,91.19000000,91.20000000,91.19000000,91.19000000,54.31000000
1772665920000,91.18000000,91.19000000,91.10000000,91.13000000,9551.33000000
1772665980000,91.13000000,91.14000000,91.07000000,91.09000000,1693.62000000
1772666040000,91.17000000,91.19000000,91.15000000,91.18000000,1510.55000000
1772666100000,91.23000000,91.24000000,91.22000000,91.23000000,389.45000000
1772666160000,91.21000000,91.23000000,91.20000000,91.22000000,909.25000000
1772666220000,91.26000000,91.26000000,91.25000000,91.26000000,19.22000000
1772666280000,91.15000000,91.16000000,91.15000000,91.15000000,1232.49000000
1772666340000,91.14000000,91.15000000,91.12000000,91.12000000,884.07000000
1772666400000,91.05000000,91.05000000,91.02000000,91.02000000,243.20000000
1772666460000,90.63000000,90.75000000,90.61000000,90.69000000,24257.20000000
1772666520000,90.68000000,90.69000000,90.66000000,90.68000000,1367.98000000
1772666580000,90.67000000,90.71000000,90.67000000,90.70000000,569.92000000
1772666640000,90.68000000,90.69000000,90.65000000,90.65000000,994.07000000
1772666700000,90.79000000,90.82000000,90.78000000,90.78000000,2602.71000000
1772666760000,90.79000000,90.80000000,90.79000000,90.79000000,483.32000000
1772666820000,90.78000000,90.81000000,90.75000000,90.81000000,2085.01000000
1772666880000,90.86000000,90.88000000,90.86000000,90.87000000,525.67000000
1772666940000,90.75000000,90.75000000,90.74000000,90.74000000,26.66000000
1772667000000,90.67000000,90.68000000,90.66000000,90.67000000,134.24000000
1772667060000,90.61000000,90.62000000,90.55000000,90.58000000,1080.12000000
1772667120000,90.57000000,90.61000000,90.57000000,90.57000000,1685.20000000
1772667180000,90.40000000,90.41000000,90.40000000,90.40000000,758.60000000
1772667240000,90.30000000,90.39000000,90.30000000,90.39000000,1853.23000000
1772667300000,90.35000000,90.36000000,90.35000000,90.36000000,183.85000000
1772667360000,90.38000000,90.47000000,90.38000000,90.47000000,5792.39000000
1772667420000,90.64000000,90.66000000,90.61000000,90.66000000,2229.61000000
1772667480000,90.81000000,90.81000000,90.78000000,90.78000000,316.44000000
1772667540000,90.87000000,90.94000000,90.87000000,90.94000000,3428.11000000
1772667600000,90.90000000,90.90000000,90.85000000,90.86000000,1693.32000000
1772667660000,90.85000000,90.90000000,90.85000000,90.90000000,2972.17000000
1772667720000,90.90000000,90.93000000,90.90000000,90.91000000,911.34000000
1772667780000,90.91000000,90.91000000,90.90000000,90.90000000,13.95000000
1772667840000,90.97000000,90.97000000,90.96000000,90.97000000,124.69000000
1772667900000,91.02000000,91.03000000,91.01000000,91.02000000,4018.80000000
1772667960000,91.06000000,91.06000000,91.02000000,91.02000000,2393.70000000
1772668020000,91.14000000,91.17000000,91.11000000,91.17000000,2536.51000000
1772668080000,91.20000000,91.20000000,91.16000000,91.17000000,2014.99000000
1772668140000,91.08000000,91.09000000,91.06000000,91.07000000,1246.15000000
1772668200000,91.03000000,91.08000000,91.00000000,91.05000000,12601.67000000
1772668260000,91.05000000,91.06000000,90.88000000,90.88000000,19435.37000000
1772668320000,90.89000000,90.91000000,90.88000000,90.91000000,1015.31000000
1772668380000,90.88000000,90.88000000,90.86000000,90.87000000,598.22000000
1772668440000,90.85000000,90.85000000,90.84000000,90.84000000,80.05000000
1772668500000,90.88000000,90.95000000,90.88000000,90.95000000,3415.71000000
1772668560000,90.85000000,90.85000000,90.84000000,90.84000000,351.52000000
1772668620000,90.73000000,90.76000000,90.73000000,90.76000000,291.21000000
1772668680000,90.77000000,90.82000000,90.77000000,90.81000000,632.61000000
1772668740000,90.91000000,90.91000000,90.90000000,90.90000000,204.69000000
1772668800000,90.81000000,90.85000000,90.81000000,90.83000000,940.14000000
1772668860000,90.89000000,90.90000000,90.85000000,90.85000000,1535.58000000
1772668920000,91.06000000,91.06000000,91.05000000,91.06000000,56.92000000
1772668980000,91.02000000,91.02000000,91.01000000,91.02000000,306.49000000
1772669040000,91.01000000,91.03000000,91.00000000,91.02000000,1199.55000000
1772669100000,90.93000000,90.99000000,90.93000000,90.94000000,4916.39000000
1772669160000,90.93000000,90.95000000,90.93000000,90.95000000,257.97000000
